{
  "head": "head",
  "portraitScale": 2,
  "portraitTranslation": [ 0, 0, 0 ],
  "profileScale": 0.7,
  "profileTranslation": [ 0, 0.7, 0 ],
  "poses": {
    "standing": {
      "poseName": "standing",
      "transformTicks": 10,
      "poseTypes": ["STAND", "NONE", "PORTRAIT", "PROFILE"],
      "animations": ["bedrock(ashpikachu, ground_idle)"]
    },
    "walking": {
      "poseName": "walking",
      "transformTicks": 10,
      "poseTypes": [ "WALK" ],
      "animations": [ "bedrock(ashpikachu, ground_walk)" ]
    }
  }
}