{
  "uuid": "d9d24099-c47d-3348-ab3a-99bd183119e0",
  "starterPrompted": true,
  "starterLocked": false,
  "starterSelected": true,
  "starterUUID": "1f4fff2a-d183-4f56-ac76-810316113b77",
  "keyItems": [],
  "battleTheme": "cobblemon:battle.pvp.default",
  "extraData": {},
  "advancementData": {
    "totalCaptureCount": 24,
    "totalEggsHatched": 0,
    "totalEvolvedCount": 4,
    "totalBattleVictoryCount": 108,
    "totalPvPBattleVictoryCount": 0,
    "totalPvWBattleVictoryCount": 108,
    "totalPvNBattleVictoryCount": 0,
    "totalShinyCaptureCount": 0,
    "totalTradedCount": 0,
    "totalTypeCaptureCounts": {
      "fairy": 2,
      "steel": 2,
      "ghost": 4,
      "normal": 4,
      "flying": 3,
      "water": 2,
      "fire": 5,
      "electric": 4,
      "dark": 1,
      "bug": 2,
      "poison": 2,
      "grass": 1,
      "ground": 1,
      "rock": 1
    },
    "totalDefeatedCounts": {
      "cobblemon:pidgey": 5,
      "cobblemon:rattata": 1,
      "cobblemon:tinkatink": 1,
      "cobblemon:fomantis": 1,
      "cobblemon:lechonk": 2,
      "cobblemon:wingull": 1,
      "cobblemon:zigzagoon": 3,
      "cobblemon:bunnelby": 12,
      "cobblemon:snubbull": 1,
      "cobblemon:pidove": 1,
      "cobblemon:flaaffy": 1,
      "cobblemon:sentret": 7,
      "cobblemon:igglybuff": 1,
      "cobblemon:wooloo": 3,
      "cobblemon:miltank": 3,
      "cobblemon:lillipup": 2,
      "cobblemon:fletchling": 1,
      "cobblemon:mareep": 2,
      "cobblemon:combee": 2,
      "cobblemon:taillow": 3,
      "cobblemon:tauros": 1,
      "cobblemon:patrat": 3,
      "cobblemon:armarouge": 1,
      "cobblemon:charcadet": 5,
      "cobblemon:larvesta": 1,
      "cobblemon:eevee": 1,
      "cobblemon:voltorb": 1,
      "cobblemon:buneary": 1,
      "cobblemon:phanpy": 2,
      "cobblemon:deerling": 1,
      "cobblemon:arbok": 1,
      "cobblemon:spearow": 3,
      "cobblemon:slowpoke": 1,
      "cobblemon:psyduck": 1,
      "cobblemon:flabebe": 1,
      "cobblemon:squawkabilly": 1,
      "cobblemon:ekans": 1,
      "cobblemon:crabrawler": 1,
      "cobblemon:farfetchd": 1,
      "cobblemon:swellow": 1,
      "cobblemon:stonjourner": 1,
      "cobblemon:linoone": 1
    },
    "aspectsCollected": {}
  }
}