{
  "uuid": "d9d24099-c47d-3348-ab3a-99bd183119e0",
  "starterPrompted": true,
  "starterLocked": false,
  "starterSelected": true,
  "starterUUID": "1f4fff2a-d183-4f56-ac76-810316113b77",
  "keyItems": [],
  "battleTheme": "cobblemon:battle.pvp.default",
  "extraData": {},
  "advancementData": {
    "totalCaptureCount": 1,
    "totalEggsHatched": 0,
    "totalEvolvedCount": 0,
    "totalBattleVictoryCount": 4,
    "totalPvPBattleVictoryCount": 0,
    "totalPvWBattleVictoryCount": 4,
    "totalPvNBattleVictoryCount": 0,
    "totalShinyCaptureCount": 0,
    "totalTradedCount": 0,
    "totalTypeCaptureCounts": {
      "fairy": 1,
      "steel": 1
    },
    "totalDefeatedCounts": {
      "cobblemon:pidgey": 1,
      "cobblemon:rattata": 1,
      "cobblemon:tinkatink": 1
    },
    "aspectsCollected": {}
  }
}