{
  "uuid": "d9d24099-c47d-3348-ab3a-99bd183119e0",
  "starterPrompted": true,
  "starterLocked": false,
  "starterSelected": true,
  "starterUUID": "1f4fff2a-d183-4f56-ac76-810316113b77",
  "keyItems": [],
  "battleTheme": "cobblemon:battle.pvp.default",
  "extraData": {},
  "advancementData": {
    "totalCaptureCount": 26,
    "totalEggsHatched": 0,
    "totalEvolvedCount": 6,
    "totalBattleVictoryCount": 158,
    "totalPvPBattleVictoryCount": 0,
    "totalPvWBattleVictoryCount": 158,
    "totalPvNBattleVictoryCount": 0,
    "totalShinyCaptureCount": 0,
    "totalTradedCount": 0,
    "totalTypeCaptureCounts": {
      "fairy": 2,
      "steel": 2,
      "ghost": 4,
      "normal": 4,
      "flying": 3,
      "water": 2,
      "fire": 7,
      "electric": 4,
      "dark": 1,
      "bug": 2,
      "poison": 2,
      "grass": 1,
      "ground": 1,
      "rock": 1
    },
    "totalDefeatedCounts": {
      "cobblemon:pidgey": 6,
      "cobblemon:rattata": 1,
      "cobblemon:tinkatink": 1,
      "cobblemon:fomantis": 1,
      "cobblemon:lechonk": 3,
      "cobblemon:wingull": 1,
      "cobblemon:zigzagoon": 3,
      "cobblemon:bunnelby": 12,
      "cobblemon:snubbull": 1,
      "cobblemon:pidove": 1,
      "cobblemon:flaaffy": 1,
      "cobblemon:sentret": 10,
      "cobblemon:igglybuff": 1,
      "cobblemon:wooloo": 3,
      "cobblemon:miltank": 3,
      "cobblemon:lillipup": 3,
      "cobblemon:fletchling": 1,
      "cobblemon:mareep": 2,
      "cobblemon:combee": 5,
      "cobblemon:taillow": 6,
      "cobblemon:tauros": 3,
      "cobblemon:patrat": 4,
      "cobblemon:armarouge": 1,
      "cobblemon:charcadet": 5,
      "cobblemon:larvesta": 1,
      "cobblemon:eevee": 2,
      "cobblemon:voltorb": 1,
      "cobblemon:buneary": 1,
      "cobblemon:phanpy": 2,
      "cobblemon:deerling": 1,
      "cobblemon:arbok": 1,
      "cobblemon:spearow": 3,
      "cobblemon:slowpoke": 1,
      "cobblemon:psyduck": 1,
      "cobblemon:flabebe": 1,
      "cobblemon:squawkabilly": 1,
      "cobblemon:ekans": 1,
      "cobblemon:crabrawler": 1,
      "cobblemon:farfetchd": 1,
      "cobblemon:swellow": 2,
      "cobblemon:stonjourner": 4,
      "cobblemon:linoone": 1,
      "cobblemon:pidgeotto": 1,
      "cobblemon:maschiff": 3,
      "cobblemon:watchog": 1,
      "cobblemon:mudbray": 1,
      "cobblemon:ponyta": 2,
      "cobblemon:herdier": 1,
      "cobblemon:koffing": 2,
      "cobblemon:meowth": 1,
      "cobblemon:elekid": 1,
      "cobblemon:bouffalant": 9,
      "cobblemon:butterfree": 1,
      "cobblemon:klefki": 1,
      "cobblemon:mabosstiff": 1,
      "cobblemon:stoutland": 1,
      "cobblemon:granbull": 1,
      "cobblemon:vivillon": 1
    },
    "aspectsCollected": {}
  }
}