{
  "uuid": "d9d24099-c47d-3348-ab3a-99bd183119e0",
  "starterPrompted": true,
  "starterLocked": false,
  "starterSelected": true,
  "starterUUID": "1f4fff2a-d183-4f56-ac76-810316113b77",
  "keyItems": [],
  "battleTheme": "cobblemon:battle.pvp.default",
  "extraData": {},
  "advancementData": {
    "totalCaptureCount": 5,
    "totalEggsHatched": 0,
    "totalEvolvedCount": 0,
    "totalBattleVictoryCount": 11,
    "totalPvPBattleVictoryCount": 0,
    "totalPvWBattleVictoryCount": 11,
    "totalPvNBattleVictoryCount": 0,
    "totalShinyCaptureCount": 0,
    "totalTradedCount": 0,
    "totalTypeCaptureCounts": {
      "fairy": 1,
      "steel": 2,
      "ghost": 1,
      "normal": 2,
      "flying": 1,
      "water": 1
    },
    "totalDefeatedCounts": {
      "cobblemon:pidgey": 1,
      "cobblemon:rattata": 1,
      "cobblemon:tinkatink": 1,
      "cobblemon:fomantis": 1,
      "cobblemon:lechonk": 1,
      "cobblemon:wingull": 1
    },
    "aspectsCollected": {}
  }
}