{
  "uuid": "d9d24099-c47d-3348-ab3a-99bd183119e0",
  "starterPrompted": true,
  "starterLocked": false,
  "starterSelected": true,
  "starterUUID": "1f4fff2a-d183-4f56-ac76-810316113b77",
  "keyItems": [],
  "battleTheme": "cobblemon:battle.pvp.default",
  "extraData": {},
  "advancementData": {
    "totalCaptureCount": 10,
    "totalEggsHatched": 0,
    "totalEvolvedCount": 3,
    "totalBattleVictoryCount": 55,
    "totalPvPBattleVictoryCount": 0,
    "totalPvWBattleVictoryCount": 55,
    "totalPvNBattleVictoryCount": 0,
    "totalShinyCaptureCount": 0,
    "totalTradedCount": 0,
    "totalTypeCaptureCounts": {
      "fairy": 2,
      "steel": 2,
      "ghost": 2,
      "normal": 2,
      "flying": 2,
      "water": 1,
      "fire": 2,
      "electric": 1,
      "dark": 1
    },
    "totalDefeatedCounts": {
      "cobblemon:pidgey": 4,
      "cobblemon:rattata": 1,
      "cobblemon:tinkatink": 1,
      "cobblemon:fomantis": 1,
      "cobblemon:lechonk": 1,
      "cobblemon:wingull": 1,
      "cobblemon:zigzagoon": 3,
      "cobblemon:bunnelby": 10,
      "cobblemon:snubbull": 1,
      "cobblemon:pidove": 1,
      "cobblemon:flaaffy": 1,
      "cobblemon:sentret": 4,
      "cobblemon:igglybuff": 1,
      "cobblemon:wooloo": 3,
      "cobblemon:miltank": 3,
      "cobblemon:lillipup": 1,
      "cobblemon:fletchling": 1,
      "cobblemon:mareep": 2,
      "cobblemon:combee": 1,
      "cobblemon:taillow": 1,
      "cobblemon:tauros": 1,
      "cobblemon:patrat": 1,
      "cobblemon:armarouge": 1
    },
    "aspectsCollected": {}
  }
}