{
  "uuid": "7d4ac431-ff3f-3f0b-8be5-35cee69540cb",
  "starterPrompted": true,
  "starterLocked": false,
  "starterSelected": true,
  "starterUUID": "fc00eb57-f43f-4e99-a09d-bb153804e216",
  "keyItems": [],
  "battleTheme": "cobblemon:battle.pvp.default",
  "extraData": {},
  "advancementData": {
    "totalCaptureCount": 5,
    "totalEggsHatched": 0,
    "totalEvolvedCount": 0,
    "totalBattleVictoryCount": 10,
    "totalPvPBattleVictoryCount": 2,
    "totalPvWBattleVictoryCount": 8,
    "totalPvNBattleVictoryCount": 0,
    "totalShinyCaptureCount": 0,
    "totalTradedCount": 1,
    "totalTypeCaptureCounts": {
      "fire": 1,
      "normal": 1,
      "fairy": 1,
      "steel": 1,
      "electric": 2,
      "grass": 1
    },
    "totalDefeatedCounts": {
      "cobblemon:cottonee": 1,
      "cobblemon:gimmighoul": 1,
      "cobblemon:growlithe": 1,
      "cobblemon:combee": 1,
      "cobblemon:meowth": 1
    },
    "aspectsCollected": {}
  }
}