{"stats":{"minecraft:used":{"minecraft:cooked_mutton":6,"minecraft:water_bucket":16,"minecraft:stone_sword":76,"minecraft:stone_pickaxe":131,"minecraft:oak_planks":9,"minecraft:shield":4,"minecraft:wooden_pickaxe":21,"minecraft:iron_sword":12,"minecraft:cooked_chicken":5,"minecraft:torch":31,"minecraft:dirt":5,"minecraft:mutton":2,"minecraft:crafting_table":6,"minecraft:white_bed":4,"minecraft:iron_pickaxe":195,"minecraft:stone_axe":53,"minecraft:cobblestone":11,"minecraft:furnace":3,"minecraft:cooked_porkchop":1,"minecraft:bucket":17,"minecraft:andesite":2,"minecraft:cooked_beef":2},"minecraft:killed":{"cobblemon:pokemon":15,"minecraft:sheep":3,"minecraft:zombie":1,"minecraft:cow":1},"minecraft:mined":{"minecraft:white_bed":3,"minecraft:deepslate_diamond_ore":7,"minecraft:stripped_birch_log":7,"cobblemon:big_root":6,"cobblemon:apricorn_log":5,"minecraft:crafting_table":5,"cobblemon:apricorn_leaves":40,"minecraft:grass_block":2,"cobblemon:wepear_berry":9,"minecraft:cobblestone":5,"minecraft:copper_ore":25,"minecraft:tall_grass":4,"minecraft:deepslate_gold_ore":17,"minecraft:lapis_ore":8,"cobblemon:chilan_berry":3,"cobblemon:oran_berry":1,"minecraft:diorite":4,"minecraft:wall_torch":1,"cobblemon:blue_apricorn":1,"minecraft:furnace":3,"cobblemon:bluk_berry":1,"minecraft:birch_log":12,"minecraft:iron_ore":51,"minecraft:andesite":2,"minecraft:birch_leaves":2,"minecraft:grass":11,"minecraft:coal_ore":28,"minecraft:oak_log":21,"minecraft:deepslate_iron_ore":3,"minecraft:dirt":3,"minecraft:cobweb":1,"cobblemon:sun_stone_ore":1,"minecraft:stone":48,"minecraft:deepslate":145,"minecraft:oak_leaves":10},"minecraft:crafted":{"minecraft:cooked_beef":2,"minecraft:oak_planks":100,"minecraft:cooked_porkchop":1,"minecraft:crafting_table":1,"minecraft:iron_helmet":1,"minecraft:wooden_pickaxe":1,"minecraft:cooked_chicken":5,"minecraft:iron_sword":1,"cobblemon:apricorn_planks":20,"minecraft:furnace":1,"minecraft:bucket":1,"minecraft:birch_planks":28,"minecraft:stone_axe":1,"minecraft:cooked_mutton":6,"minecraft:air":0,"minecraft:iron_boots":1,"minecraft:iron_chestplate":1,"minecraft:shield":1,"minecraft:stick":28,"minecraft:iron_ingot":43,"minecraft:iron_pickaxe":1,"minecraft:stone_pickaxe":1,"minecraft:stone_sword":1,"minecraft:iron_leggings":1,"minecraft:white_bed":1,"minecraft:torch":52},"minecraft:dropped":{"minecraft:sugar_cane":1,"minecraft:cobbled_deepslate":12,"minecraft:stone_sword":2,"minecraft:feather":6,"minecraft:rotten_flesh":1,"minecraft:oak_planks":15,"minecraft:white_bed":1,"minecraft:stick":4,"minecraft:spider_eye":1,"minecraft:wooden_pickaxe":1,"minecraft:bone":3,"minecraft:egg":3},"minecraft:custom":{"minecraft:interact_with_furnace":30,"minecraft:mob_kills":20,"minecraft:interact_with_crafting_table":18,"minecraft:leave_game":2,"minecraft:time_since_death":9180,"minecraft:sleep_in_bed":3,"minecraft:time_since_rest":9330,"minecraft:sprint_one_cm":215210,"minecraft:damage_taken":987,"minecraft:walk_one_cm":226751,"minecraft:damage_blocked_by_shield":165,"minecraft:drop":31,"minecraft:damage_dealt":2553,"minecraft:swim_one_cm":23913,"minecraft:talked_to_villager":1,"minecraft:fly_one_cm":399644,"minecraft:player_kills":1,"minecraft:crouch_one_cm":3033,"minecraft:play_time":96255,"minecraft:deaths":1,"minecraft:sneak_time":782,"minecraft:walk_under_water_one_cm":18938,"minecraft:jump":2029,"minecraft:interact_with_brewingstand":1,"minecraft:walk_on_water_one_cm":19291,"minecraft:total_world_time":96255,"minecraft:fall_one_cm":65061},"minecraft:killed_by":{"minecraft:zombie":1},"minecraft:broken":{"minecraft:stone_pickaxe":1},"minecraft:picked_up":{"minecraft:birch_log":24,"minecraft:iron_chestplate":1,"minecraft:crafting_table":5,"minecraft:air":0,"minecraft:feather":18,"minecraft:cooked_beef":2,"minecraft:water_bucket":1,"minecraft:chicken":6,"minecraft:andesite":2,"cobblemon:yellow_apricorn":4,"minecraft:leather":4,"cobblemon:red_apricorn":8,"minecraft:birch_planks":28,"minecraft:oak_log":25,"minecraft:shield":1,"minecraft:lapis_lazuli":98,"minecraft:stripped_birch_log":7,"cobblemon:wepear_berry":20,"minecraft:dirt":5,"minecraft:raw_copper":176,"minecraft:iron_leggings":1,"cobblemon:white_apricorn":12,"minecraft:bone":3,"cobblemon:black_apricorn":4,"minecraft:raw_gold":17,"minecraft:cobbled_deepslate":273,"cobblemon:green_apricorn":4,"minecraft:iron_ingot":10,"minecraft:beef":2,"minecraft:iron_pickaxe":1,"minecraft:iron_boots":1,"cobblemon:big_root":12,"cobblemon:wacan_berry":2,"minecraft:sugar_cane":1,"minecraft:iron_sword":1,"minecraft:oak_planks":74,"cobblemon:apricorn_planks":20,"minecraft:furnace":4,"minecraft:egg":3,"cobblemon:sun_stone":2,"minecraft:stick":5,"minecraft:raw_iron":60,"cobblemon:apricorn_log":5,"minecraft:torch":30,"minecraft:porkchop":1,"minecraft:white_bed":4,"minecraft:spider_eye":1,"minecraft:stone_sword":1,"minecraft:rotten_flesh":1,"minecraft:diamond":13,"minecraft:stone_axe":1,"minecraft:iron_helmet":1,"cobblemon:silk_scarf":2,"minecraft:mutton":4,"cobblemon:blue_apricorn":4,"minecraft:coal":49,"minecraft:white_wool":3,"minecraft:cobblestone":87}},"DataVersion":3465}