{"stats":{"minecraft:killed":{"minecraft:spider":4,"minecraft:skeleton":4,"cobblemon:pokemon":17,"minecraft:creeper":1,"minecraft:sheep":3,"minecraft:zombie":19,"minecraft:enderman":1,"minecraft:cow":2},"minecraft:picked_up":{"cobblemon:green_mint_leaf":6,"minecraft:iron_chestplate":1,"minecraft:crafting_table":12,"minecraft:wheat":4,"minecraft:chicken":6,"cobblemon:yellow_apricorn":5,"cobblemon:red_apricorn":42,"minecraft:oak_stairs":1,"minecraft:gold_block":1,"minecraft:shield":1,"minecraft:amethyst_block":1,"cobblemon:wepear_berry":20,"minecraft:raw_copper":201,"minecraft:iron_leggings":1,"cobblemon:white_apricorn":24,"minecraft:cracked_stone_bricks":6,"minecraft:cobbled_deepslate":486,"cobblemon:green_apricorn":6,"cobblemon:white_apricorn_seed":2,"minecraft:beef":5,"cobblemon:oran_berry":21,"minecraft:calcite":1,"minecraft:iron_pickaxe":2,"cobblemon:big_root":13,"cobblemon:quick_ball":35,"minecraft:sugar_cane":37,"cobblemon:green_apricorn_seed":4,"minecraft:furnace":9,"minecraft:iron_boots":1,"minecraft:egg":10,"minecraft:stick":5,"minecraft:raw_iron":114,"cobblemon:apricorn_log":5,"cobblemon:spell_tag":1,"cobblemon:pc":9,"minecraft:copper_ingot":1,"minecraft:oak_fence":1,"minecraft:torch":53,"minecraft:porkchop":1,"cobblemon:vivichoke_seeds":1,"minecraft:carrot":86,"minecraft:redstone":29,"minecraft:stone_sword":1,"minecraft:arrow":17,"minecraft:rotten_flesh":25,"cobblemon:pink_mint_leaf":10,"cobblemon:green_mint_seeds":5,"minecraft:obsidian":25,"minecraft:mutton":8,"minecraft:rail":1,"cobblemon:blue_apricorn":18,"minecraft:white_wool":4,"minecraft:cobblestone":123,"minecraft:birch_log":24,"minecraft:cooked_beef":2,"minecraft:air":0,"minecraft:feather":24,"cobblemon:great_ball":12,"minecraft:glow_ink_sac":1,"minecraft:water_bucket":1,"minecraft:andesite":3,"minecraft:leather":6,"minecraft:potato":7,"minecraft:birch_planks":28,"minecraft:tuff":2,"minecraft:oak_log":59,"cobblemon:bluk_berry":5,"minecraft:golden_boots":1,"minecraft:gunpowder":1,"minecraft:lapis_lazuli":109,"minecraft:stripped_birch_log":7,"minecraft:dirt":47,"minecraft:bone":17,"minecraft:wheat_seeds":15,"cobblemon:black_apricorn":4,"minecraft:stone_pickaxe":1,"minecraft:raw_gold":50,"minecraft:iron_ingot":11,"cobblemon:pink_mint_seeds":4,"cobblemon:wacan_berry":2,"minecraft:verdant_froglight":1,"minecraft:iron_sword":1,"minecraft:oak_planks":145,"cobblemon:apricorn_planks":20,"cobblemon:red_apricorn_seed":2,"cobblemon:sun_stone":2,"minecraft:cooked_porkchop":13,"cobblemon:cheri_berry":25,"cobblemon:blue_apricorn_seed":2,"cobblemon:yellow_apricorn_seed":4,"minecraft:amethyst_shard":84,"minecraft:blast_furnace":1,"minecraft:white_bed":6,"minecraft:spider_eye":3,"minecraft:diamond":26,"minecraft:stone_axe":1,"minecraft:iron_helmet":1,"minecraft:golden_apple":3,"minecraft:bread":3,"cobblemon:silk_scarf":2,"cobblemon:medicinal_leek":10,"minecraft:coal":225},"minecraft:used":{"minecraft:oak_fence":1,"minecraft:stone_sword":79,"minecraft:chest":1,"minecraft:shield":22,"minecraft:iron_sword":90,"minecraft:cooked_chicken":5,"minecraft:rotten_flesh":11,"minecraft:stone_hoe":3,"minecraft:iron_chestplate":1,"minecraft:torch":142,"minecraft:dirt":27,"minecraft:mutton":2,"minecraft:carrot":105,"minecraft:tuff":1,"cobblemon:pc":8,"minecraft:golden_carrot":4,"minecraft:furnace":8,"minecraft:cooked_beef":2,"minecraft:egg":5,"minecraft:potato":5,"minecraft:cobbled_deepslate":212,"minecraft:iron_leggings":1,"minecraft:cooked_mutton":8,"minecraft:wheat_seeds":6,"minecraft:water_bucket":48,"minecraft:oak_planks":15,"minecraft:stone_pickaxe":224,"minecraft:wooden_pickaxe":41,"minecraft:sugar_cane":12,"minecraft:crafting_table":15,"minecraft:blast_furnace":1,"cobblemon:yellow_apricorn_seed":2,"minecraft:white_bed":6,"cobblemon:green_apricorn_seed":3,"minecraft:diamond_pickaxe":86,"minecraft:iron_pickaxe":486,"minecraft:bread":9,"minecraft:stone_axe":88,"minecraft:cobblestone":41,"cobblemon:red_apricorn_seed":1,"minecraft:cooked_porkchop":14,"minecraft:andesite":2,"minecraft:bucket":50,"cobblemon:blue_apricorn_seed":1,"cobblemon:bluk_berry":1},"minecraft:custom":{"minecraft:mob_kills":57,"minecraft:interact_with_crafting_table":65,"minecraft:leave_game":11,"minecraft:time_since_death":12282,"minecraft:sprint_one_cm":920957,"minecraft:walk_one_cm":1190343,"minecraft:damage_blocked_by_shield":1425,"minecraft:drop":79,"minecraft:talked_to_villager":1,"minecraft:play_time":434858,"minecraft:deaths":10,"minecraft:sneak_time":11851,"minecraft:walk_under_water_one_cm":80484,"minecraft:jump":8248,"minecraft:interact_with_brewingstand":1,"minecraft:interact_with_blast_furnace":5,"minecraft:walk_on_water_one_cm":97037,"minecraft:total_world_time":434858,"minecraft:interact_with_furnace":62,"minecraft:sleep_in_bed":11,"minecraft:time_since_rest":12320,"minecraft:damage_taken":6597,"minecraft:damage_dealt":9029,"minecraft:player_kills":1,"minecraft:swim_one_cm":39957,"minecraft:fly_one_cm":1538379,"minecraft:open_chest":53,"minecraft:crouch_one_cm":25985,"minecraft:fall_one_cm":240335},"minecraft:killed_by":{"minecraft:spider":1,"minecraft:skeleton":3,"minecraft:zombie":5},"minecraft:mined":{"minecraft:large_amethyst_bud":4,"minecraft:white_bed":5,"minecraft:deepslate_diamond_ore":20,"minecraft:stripped_birch_log":7,"cobblemon:apricorn_log":5,"cobblemon:pc":8,"cobblemon:big_root":6,"minecraft:obsidian":26,"minecraft:grass_block":5,"cobblemon:blue_apricorn":1,"minecraft:carrots":25,"minecraft:furnace":8,"minecraft:iron_ore":71,"minecraft:cobbled_deepslate":8,"cobblemon:pink_mint":3,"minecraft:andesite":3,"minecraft:deepslate_lapis_ore":2,"minecraft:gold_block":1,"cobblemon:medicinal_leek":4,"cobblemon:white_apricorn_sapling":1,"minecraft:potatoes":2,"cobblemon:green_apricorn_sapling":1,"minecraft:deepslate_iron_ore":38,"minecraft:oak_stairs":1,"minecraft:stone":81,"minecraft:deepslate_redstone_ore":5,"minecraft:amethyst_cluster":21,"cobblemon:apricorn_leaves":40,"minecraft:oak_fence":2,"minecraft:crafting_table":12,"minecraft:torch":5,"minecraft:blast_furnace":1,"minecraft:calcite":1,"cobblemon:wepear_berry":9,"minecraft:copper_ore":25,"minecraft:tall_grass":6,"minecraft:cobblestone":6,"minecraft:deepslate_gold_ore":52,"minecraft:lapis_ore":8,"cobblemon:chilan_berry":3,"cobblemon:oran_berry":1,"minecraft:oak_planks":28,"minecraft:sugar_cane":11,"minecraft:diorite":4,"minecraft:wall_torch":3,"minecraft:amethyst_block":1,"cobblemon:yellow_apricorn_sapling":2,"minecraft:verdant_froglight":1,"cobblemon:bluk_berry":2,"cobblemon:green_mint":3,"minecraft:birch_log":12,"minecraft:wheat":5,"minecraft:birch_leaves":2,"minecraft:grass":33,"minecraft:oak_log":55,"minecraft:coal_ore":69,"minecraft:dirt":15,"minecraft:cobweb":1,"minecraft:cracked_stone_bricks":3,"cobblemon:sun_stone_ore":1,"minecraft:oak_leaves":12,"minecraft:deepslate":322},"minecraft:crafted":{"minecraft:golden_carrot":4,"cobblemon:exp_share":1,"minecraft:smooth_stone":14,"minecraft:oak_planks":236,"minecraft:cooked_chicken":5,"cobblemon:apricorn_planks":20,"minecraft:furnace":4,"minecraft:blast_furnace":1,"minecraft:stone":14,"cobblemon:premier_ball":4,"minecraft:cooked_mutton":8,"minecraft:iron_boots":1,"minecraft:stone_pickaxe":3,"minecraft:chest":1,"minecraft:stone_hoe":1,"minecraft:cooked_beef":2,"minecraft:cooked_porkchop":1,"minecraft:crafting_table":6,"minecraft:iron_helmet":2,"minecraft:wooden_pickaxe":3,"minecraft:iron_sword":2,"minecraft:copper_ingot":40,"minecraft:bucket":2,"minecraft:birch_planks":76,"minecraft:stone_axe":3,"minecraft:air":0,"cobblemon:poke_ball":4,"minecraft:iron_chestplate":2,"minecraft:book":1,"minecraft:paper":15,"minecraft:diamond_pickaxe":2,"minecraft:shield":3,"minecraft:gold_nugget":36,"minecraft:stick":64,"minecraft:iron_ingot":72,"minecraft:iron_pickaxe":2,"minecraft:stone_sword":2,"minecraft:iron_leggings":2,"minecraft:gold_ingot":40,"minecraft:white_bed":1,"minecraft:torch":112,"cobblemon:ultra_ball":4},"minecraft:broken":{"minecraft:stone_pickaxe":1,"minecraft:iron_pickaxe":1},"minecraft:dropped":{"minecraft:golden_boots":1,"minecraft:birch_planks":8,"minecraft:wheat_seeds":5,"minecraft:glow_ink_sac":1,"minecraft:feather":12,"minecraft:cracked_stone_bricks":6,"minecraft:rail":1,"minecraft:golden_apple":1,"minecraft:stick":4,"minecraft:mutton":4,"minecraft:oak_stairs":1,"minecraft:iron_pickaxe":1,"minecraft:white_wool":1,"minecraft:bone":3,"minecraft:sugar_cane":10,"minecraft:stone_sword":2,"minecraft:cobbled_deepslate":12,"minecraft:tuff":1,"minecraft:rotten_flesh":13,"minecraft:oak_planks":15,"minecraft:enchanted_golden_apple":1,"cobblemon:quick_ball":1,"minecraft:white_bed":1,"minecraft:carrot":1,"cobblemon:green_mint_seeds":2,"minecraft:gunpowder":1,"minecraft:andesite":1,"minecraft:spider_eye":3,"minecraft:stone_pickaxe":1,"minecraft:wooden_pickaxe":3,"minecraft:calcite":1,"minecraft:egg":3}},"DataVersion":3465}