{"stats":{"minecraft:mined":{"minecraft:oak_log":10,"minecraft:birch_leaves":1,"minecraft:oak_leaves":1},"minecraft:crafted":{"minecraft:oak_planks":56,"minecraft:crafting_table":1},"minecraft:dropped":{"minecraft:oak_planks":14,"minecraft:stone_sword":1,"minecraft:white_bed":1},"minecraft:custom":{"minecraft:time_since_rest":6416,"minecraft:damage_taken":45,"minecraft:crouch_one_cm":1270,"minecraft:sprint_one_cm":17456,"minecraft:play_time":6416,"minecraft:walk_one_cm":19806,"minecraft:sneak_time":245,"minecraft:drop":16,"minecraft:jump":91,"minecraft:damage_dealt":7,"minecraft:leave_game":1,"minecraft:time_since_death":6416,"minecraft:total_world_time":6416,"minecraft:fall_one_cm":1434,"minecraft:fly_one_cm":9191,"minecraft:player_kills":1},"minecraft:picked_up":{"minecraft:stone_sword":1,"minecraft:bone":1,"minecraft:oak_log":14,"minecraft:white_bed":1,"minecraft:oak_planks":14}},"DataVersion":3465}