{"stats":{"minecraft:picked_up":{"minecraft:iron_chestplate":3,"minecraft:wheat":35,"cobblemon:red_apricorn":44,"minecraft:oak_stairs":1,"minecraft:potion":1,"minecraft:amethyst_block":1,"cobblemon:wepear_berry":29,"minecraft:string":5,"minecraft:raw_copper":201,"minecraft:iron_leggings":3,"minecraft:cobbled_deepslate":702,"cobblemon:white_apricorn_seed":2,"cobblemon:oran_berry":47,"minecraft:calcite":1,"minecraft:iron_pickaxe":4,"cobblemon:big_root":13,"cobblemon:quick_ball":40,"minecraft:iron_boots":2,"minecraft:furnace":14,"minecraft:stick":9,"cobblemon:apricorn_log":5,"cobblemon:spell_tag":2,"cobblemon:pc":15,"minecraft:jungle_door":12,"minecraft:oak_fence":8,"minecraft:torch":232,"minecraft:porkchop":9,"cobblemon:nanab_berry":25,"minecraft:diorite":2,"minecraft:stone_sword":4,"minecraft:rotten_flesh":44,"minecraft:tropical_fish":2,"cobblemon:green_mint_seeds":5,"minecraft:obsidian":25,"minecraft:cobblestone":283,"minecraft:birch_log":24,"minecraft:magma_block":6,"cobblemon:great_ball":12,"minecraft:feather":26,"minecraft:cooked_beef":2,"cobblemon:ultra_ball":46,"minecraft:andesite":29,"minecraft:water_bucket":1,"minecraft:jungle_log":16,"cobblemon:pinap_berry":6,"minecraft:potato":7,"minecraft:tuff":2,"cobblemon:bluk_berry":17,"minecraft:lapis_lazuli":152,"minecraft:stripped_birch_log":7,"minecraft:dirt":52,"cobblemon:luxury_ball":1,"minecraft:bone":21,"minecraft:wheat_seeds":73,"cobblemon:black_apricorn":9,"minecraft:raw_gold":68,"minecraft:glowstone_dust":28,"minecraft:rabbit":4,"minecraft:oak_planks":230,"cobblemon:apricorn_planks":30,"minecraft:ghast_tear":1,"cobblemon:sun_stone":2,"minecraft:cooked_porkchop":13,"minecraft:jungle_planks":8,"minecraft:sand":4,"cobblemon:persim_berry":11,"cobblemon:leppa_berry":2,"cobblemon:healing_machine":6,"minecraft:diamond":34,"minecraft:granite":10,"minecraft:golden_apple":6,"minecraft:bread":11,"cobblemon:medicinal_leek":10,"minecraft:oak_sapling":1,"minecraft:netherrack":3,"cobblemon:green_mint_leaf":6,"minecraft:crafting_table":18,"minecraft:chicken":10,"minecraft:clay_ball":40,"cobblemon:yellow_apricorn":8,"cobblemon:blue_mint_leaf":4,"minecraft:wooden_pickaxe":1,"minecraft:gold_block":1,"gravestone:obituary":2,"minecraft:shield":4,"cobblemon:white_apricorn":24,"minecraft:cracked_stone_bricks":6,"cobblemon:green_apricorn":7,"minecraft:beef":15,"minecraft:player_head":1,"minecraft:poppy":3,"minecraft:chest":1,"minecraft:sugar_cane":47,"cobblemon:green_apricorn_seed":4,"minecraft:egg":14,"minecraft:raw_iron":221,"minecraft:sandstone":1,"minecraft:oak_door":2,"minecraft:copper_ingot":32,"cobblemon:vivichoke_seeds":3,"minecraft:carrot":86,"minecraft:redstone":47,"cobblemon:blue_mint_seeds":3,"minecraft:arrow":24,"cobblemon:pink_mint_leaf":10,"minecraft:hay_block":20,"minecraft:gold_ingot":12,"minecraft:mutton":21,"cobblemon:blue_apricorn":19,"minecraft:white_wool":28,"minecraft:rail":3,"minecraft:air":0,"minecraft:glow_ink_sac":1,"minecraft:leather":13,"cobblemon:kebia_berry":1,"minecraft:birch_planks":28,"minecraft:oak_log":105,"minecraft:golden_boots":1,"minecraft:gunpowder":2,"minecraft:kelp":12,"minecraft:rabbit_hide":4,"cobblemon:pink_mint_seeds":4,"minecraft:iron_ingot":16,"minecraft:stone_pickaxe":4,"cobblemon:wacan_berry":2,"minecraft:verdant_froglight":1,"minecraft:iron_sword":1,"cobblemon:red_apricorn_seed":2,"minecraft:smooth_basalt":3,"minecraft:sweet_berries":2,"cobblemon:blue_apricorn_seed":3,"minecraft:gravel":9,"minecraft:lava_bucket":1,"cobblemon:cheri_berry":38,"cobblemon:yellow_apricorn_seed":5,"minecraft:amethyst_shard":92,"minecraft:blast_furnace":1,"minecraft:white_bed":14,"minecraft:spider_eye":3,"minecraft:stone_axe":4,"minecraft:iron_helmet":1,"minecraft:gray_wool":1,"cobblemon:silk_scarf":2,"minecraft:coal":291},"minecraft:broken":{"minecraft:stone_pickaxe":1,"minecraft:shield":1,"minecraft:iron_pickaxe":1},"minecraft:crafted":{"minecraft:oak_planks":372,"minecraft:smooth_stone":14,"minecraft:cooked_chicken":5,"cobblemon:apricorn_planks":20,"minecraft:stone":14,"minecraft:cooked_mutton":19,"minecraft:iron_boots":1,"minecraft:chest":2,"minecraft:stone_hoe":1,"minecraft:cooked_porkchop":5,"minecraft:crafting_table":15,"minecraft:iron_helmet":3,"minecraft:wooden_pickaxe":6,"minecraft:copper_ingot":40,"minecraft:birch_planks":76,"cobblemon:poke_ball":4,"cobblemon:quick_ball":24,"minecraft:book":1,"minecraft:iron_chestplate":3,"minecraft:paper":15,"minecraft:diamond_pickaxe":2,"minecraft:shield":4,"minecraft:stick":116,"minecraft:iron_ingot":109,"minecraft:iron_pickaxe":5,"minecraft:stone_sword":3,"minecraft:gold_ingot":40,"minecraft:golden_carrot":4,"cobblemon:exp_share":1,"minecraft:oak_door":6,"minecraft:furnace":6,"minecraft:blast_furnace":1,"cobblemon:premier_ball":4,"minecraft:stone_pickaxe":6,"minecraft:wheat":176,"minecraft:cooked_beef":12,"minecraft:iron_sword":2,"minecraft:bucket":3,"minecraft:stone_axe":4,"minecraft:bread":71,"minecraft:air":0,"minecraft:jungle_planks":64,"minecraft:jungle_door":3,"minecraft:gold_nugget":36,"minecraft:iron_leggings":3,"minecraft:white_bed":1,"minecraft:torch":160,"cobblemon:ultra_ball":4},"minecraft:dropped":{"minecraft:birch_planks":8,"minecraft:oak_log":15,"minecraft:glow_ink_sac":1,"minecraft:glass_bottle":1,"minecraft:leather":1,"minecraft:cracked_stone_bricks":6,"cobblemon:luxury_ball":1,"minecraft:rail":2,"minecraft:dirt":1,"minecraft:mutton":5,"gravestone:obituary":11,"minecraft:sand":4,"minecraft:iron_pickaxe":1,"minecraft:white_wool":12,"minecraft:gold_ingot":12,"cobblemon:red_apricorn":3,"cobblemon:ultra_ball":37,"minecraft:bone":7,"minecraft:gravel":9,"minecraft:sugar_cane":10,"minecraft:cobbled_deepslate":87,"minecraft:wheat":5,"minecraft:rotten_flesh":22,"minecraft:oak_planks":16,"minecraft:enchanted_golden_apple":1,"minecraft:glowstone_dust":56,"cobblemon:black_apricorn":5,"minecraft:white_bed":1,"minecraft:carrot":1,"minecraft:poppy":3,"minecraft:gunpowder":2,"minecraft:arrow":3,"minecraft:ghast_tear":1,"minecraft:egg":3,"minecraft:golden_boots":2,"minecraft:wheat_seeds":8,"minecraft:feather":12,"minecraft:cobblestone":86,"minecraft:granite":6,"minecraft:copper_ingot":31,"minecraft:tropical_fish":2,"minecraft:coal":4,"minecraft:golden_apple":3,"minecraft:stick":9,"minecraft:lava_bucket":1,"minecraft:gray_wool":1,"minecraft:potion":1,"minecraft:iron_leggings":2,"minecraft:oak_stairs":1,"minecraft:string":1,"minecraft:smooth_basalt":3,"minecraft:kelp":12,"cobblemon:wepear_berry":4,"minecraft:player_head":1,"minecraft:stone_sword":3,"minecraft:tuff":1,"minecraft:clay_ball":40,"minecraft:iron_boots":1,"cobblemon:quick_ball":3,"cobblemon:green_mint_seeds":2,"minecraft:shield":2,"cobblemon:healing_machine":2,"minecraft:iron_chestplate":2,"minecraft:andesite":7,"cobblemon:pc":1,"minecraft:spider_eye":3,"minecraft:stone_pickaxe":3,"minecraft:wooden_pickaxe":7,"minecraft:calcite":1},"minecraft:mined":{"minecraft:large_amethyst_bud":4,"minecraft:white_bed":12,"cobblemon:big_root":6,"cobblemon:pc":14,"cobblemon:apricorn_log":5,"minecraft:obsidian":26,"minecraft:granite":10,"minecraft:grass_block":14,"minecraft:jungle_log":18,"minecraft:frosted_ice":1,"minecraft:magma_block":5,"minecraft:iron_ore":117,"minecraft:cobbled_deepslate":40,"minecraft:fire":7,"minecraft:deepslate_lapis_ore":8,"cobblemon:medicinal_leek":4,"cobblemon:white_apricorn_sapling":1,"cobblemon:green_apricorn_sapling":1,"minecraft:oak_stairs":1,"minecraft:player_head":1,"minecraft:deepslate_redstone_ore":5,"minecraft:jungle_door":11,"minecraft:kelp_plant":2,"minecraft:amethyst_cluster":21,"minecraft:torch":7,"cobblemon:blue_mint":3,"cobblemon:apricorn_leaves":40,"minecraft:blast_furnace":1,"minecraft:calcite":1,"minecraft:chest":1,"minecraft:cobblestone":31,"minecraft:sugar_cane":17,"minecraft:oak_planks":41,"minecraft:wall_torch":5,"minecraft:amethyst_block":1,"minecraft:verdant_froglight":1,"cobblemon:green_mint":3,"cobblemon:bluk_berry":2,"minecraft:birch_log":12,"minecraft:wheat":29,"minecraft:grass":71,"minecraft:oak_log":86,"minecraft:sand":5,"minecraft:dirt":18,"minecraft:smooth_basalt":3,"minecraft:netherrack":3,"minecraft:oak_leaves":45,"minecraft:deepslate":496,"cobblemon:healing_machine":3,"minecraft:deepslate_diamond_ore":22,"minecraft:oak_door":2,"minecraft:stripped_birch_log":7,"cobblemon:cheri_berry":2,"gravestone:gravestone":8,"minecraft:jungle_planks":9,"minecraft:kelp":2,"minecraft:sandstone":2,"minecraft:hay_block":20,"cobblemon:blue_apricorn":1,"minecraft:furnace":11,"minecraft:carrots":25,"cobblemon:pink_mint":3,"minecraft:andesite":29,"minecraft:gold_block":1,"minecraft:potatoes":2,"minecraft:deepslate_iron_ore":90,"minecraft:vine":5,"minecraft:brain_coral_wall_fan":1,"minecraft:stone":218,"minecraft:glass_pane":3,"minecraft:fire_coral":1,"minecraft:oak_fence":3,"minecraft:crafting_table":16,"cobblemon:wepear_berry":9,"minecraft:tall_grass":8,"minecraft:copper_ore":25,"minecraft:lapis_ore":8,"minecraft:deepslate_gold_ore":70,"cobblemon:chilan_berry":3,"cobblemon:oran_berry":1,"minecraft:diorite":6,"cobblemon:yellow_apricorn_sapling":2,"minecraft:birch_leaves":2,"minecraft:coal_ore":105,"minecraft:gravel":9,"minecraft:cobweb":2,"minecraft:cracked_stone_bricks":3,"cobblemon:sun_stone_ore":1,"minecraft:fern":2},"minecraft:used":{"minecraft:iron_shovel":12,"minecraft:chest":3,"minecraft:shield":72,"minecraft:iron_sword":153,"minecraft:rotten_flesh":18,"minecraft:iron_chestplate":2,"minecraft:mutton":2,"minecraft:jungle_planks":27,"minecraft:carrot":105,"minecraft:tuff":1,"cobblemon:apricorn_planks":9,"minecraft:magma_block":5,"minecraft:sweet_berries":2,"minecraft:oak_sapling":1,"minecraft:furnace":12,"minecraft:cooked_cod":7,"minecraft:egg":9,"minecraft:potato":5,"minecraft:stone_pickaxe":444,"minecraft:oak_planks":53,"minecraft:wooden_pickaxe":59,"minecraft:sandstone":1,"minecraft:sugar_cane":12,"minecraft:blast_furnace":1,"cobblemon:yellow_apricorn_seed":2,"cobblemon:green_apricorn_seed":3,"minecraft:bread":40,"cobblemon:red_apricorn_seed":1,"minecraft:andesite":11,"cobblemon:bluk_berry":1,"minecraft:oak_fence":5,"minecraft:stone_sword":184,"minecraft:stone_hoe":3,"minecraft:cooked_chicken":5,"minecraft:netherrack":3,"minecraft:oak_door":4,"minecraft:torch":330,"minecraft:dirt":31,"cobblemon:pc":12,"minecraft:golden_carrot":4,"minecraft:cooked_beef":5,"minecraft:cobbled_deepslate":269,"minecraft:iron_leggings":2,"minecraft:wheat_seeds":30,"minecraft:cooked_mutton":11,"minecraft:water_bucket":55,"minecraft:rabbit":4,"minecraft:rail":1,"minecraft:crafting_table":25,"minecraft:white_bed":13,"minecraft:diamond_pickaxe":86,"minecraft:iron_pickaxe":869,"minecraft:stone_axe":170,"minecraft:cobblestone":79,"minecraft:potion":1,"minecraft:porkchop":4,"minecraft:cooked_porkchop":18,"minecraft:jungle_door":13,"minecraft:bucket":58,"cobblemon:blue_apricorn_seed":1},"minecraft:custom":{"minecraft:interact_with_crafting_table":103,"minecraft:open_barrel":8,"minecraft:leave_game":24,"minecraft:time_since_death":30395,"minecraft:sprint_one_cm":1452329,"minecraft:damage_blocked_by_shield":4905,"minecraft:drop":228,"minecraft:talked_to_villager":8,"minecraft:play_time":823697,"minecraft:deaths":28,"minecraft:jump":12709,"minecraft:interact_with_brewingstand":1,"minecraft:walk_on_water_one_cm":168828,"minecraft:interact_with_furnace":83,"minecraft:sleep_in_bed":18,"minecraft:damage_dealt":16790,"minecraft:player_kills":1,"minecraft:crouch_one_cm":37270,"minecraft:mob_kills":106,"minecraft:climb_one_cm":2481,"minecraft:walk_one_cm":1832037,"minecraft:sneak_time":21279,"minecraft:walk_under_water_one_cm":212358,"minecraft:interact_with_blast_furnace":5,"minecraft:total_world_time":823697,"minecraft:time_since_rest":30491,"minecraft:damage_taken":13661,"minecraft:swim_one_cm":439364,"minecraft:fly_one_cm":2170845,"minecraft:open_chest":104,"minecraft:fall_one_cm":344914},"minecraft:killed_by":{"minecraft:creeper":1,"minecraft:drowned":1,"minecraft:cave_spider":1,"minecraft:zombie":10,"minecraft:spider":1,"minecraft:skeleton":4},"minecraft:killed":{"minecraft:spider":6,"minecraft:skeleton":11,"minecraft:pig":4,"minecraft:creeper":2,"minecraft:sheep":9,"minecraft:zombie":33,"minecraft:cow":6,"minecraft:drowned":1,"cobblemon:pokemon":23,"minecraft:enderman":2}},"DataVersion":3465}