{"stats":{"minecraft:used":{"minecraft:stone_sword":76,"minecraft:shield":13,"minecraft:iron_sword":30,"minecraft:cooked_chicken":5,"minecraft:rotten_flesh":4,"minecraft:torch":47,"minecraft:dirt":5,"minecraft:mutton":2,"minecraft:carrot":15,"minecraft:furnace":4,"minecraft:cooked_beef":2,"minecraft:cobbled_deepslate":74,"minecraft:wheat_seeds":3,"minecraft:cooked_mutton":6,"minecraft:water_bucket":36,"minecraft:oak_planks":9,"minecraft:stone_pickaxe":131,"minecraft:wooden_pickaxe":21,"minecraft:crafting_table":8,"minecraft:white_bed":4,"minecraft:diamond_pickaxe":47,"minecraft:iron_pickaxe":195,"minecraft:stone_axe":55,"minecraft:cobblestone":41,"minecraft:cooked_porkchop":2,"minecraft:andesite":2,"minecraft:bucket":37},"minecraft:killed":{"minecraft:skeleton":2,"cobblemon:pokemon":15,"minecraft:sheep":3,"minecraft:zombie":5,"minecraft:cow":1},"minecraft:mined":{"minecraft:large_amethyst_bud":2,"minecraft:white_bed":4,"minecraft:deepslate_diamond_ore":9,"minecraft:stripped_birch_log":7,"cobblemon:big_root":6,"cobblemon:apricorn_log":5,"minecraft:obsidian":16,"minecraft:grass_block":5,"cobblemon:blue_apricorn":1,"minecraft:furnace":4,"minecraft:carrots":9,"minecraft:iron_ore":51,"minecraft:cobbled_deepslate":1,"cobblemon:pink_mint":3,"minecraft:andesite":2,"cobblemon:medicinal_leek":4,"cobblemon:white_apricorn_sapling":1,"minecraft:potatoes":1,"cobblemon:green_apricorn_sapling":1,"minecraft:deepslate_iron_ore":5,"minecraft:stone":48,"minecraft:amethyst_cluster":4,"minecraft:crafting_table":8,"cobblemon:apricorn_leaves":40,"cobblemon:wepear_berry":9,"minecraft:tall_grass":4,"minecraft:copper_ore":25,"minecraft:cobblestone":5,"minecraft:lapis_ore":8,"minecraft:deepslate_gold_ore":26,"cobblemon:chilan_berry":3,"cobblemon:oran_berry":1,"minecraft:diorite":4,"minecraft:wall_torch":1,"cobblemon:yellow_apricorn_sapling":2,"minecraft:wheat":2,"cobblemon:bluk_berry":1,"minecraft:birch_log":12,"minecraft:birch_leaves":2,"minecraft:grass":17,"minecraft:oak_log":27,"minecraft:coal_ore":28,"minecraft:dirt":11,"minecraft:cobweb":1,"cobblemon:sun_stone_ore":1,"minecraft:oak_leaves":12,"minecraft:deepslate":155},"minecraft:crafted":{"minecraft:oak_planks":124,"minecraft:cooked_chicken":5,"cobblemon:apricorn_planks":20,"minecraft:furnace":1,"cobblemon:premier_ball":4,"minecraft:cooked_mutton":6,"minecraft:iron_boots":1,"minecraft:stone_pickaxe":1,"minecraft:cooked_beef":2,"minecraft:cooked_porkchop":1,"minecraft:crafting_table":2,"minecraft:wooden_pickaxe":1,"minecraft:iron_helmet":1,"minecraft:iron_sword":1,"minecraft:copper_ingot":40,"minecraft:bucket":1,"minecraft:birch_planks":76,"minecraft:stone_axe":1,"minecraft:air":0,"cobblemon:poke_ball":4,"minecraft:iron_chestplate":1,"minecraft:diamond_pickaxe":1,"minecraft:shield":1,"minecraft:stick":28,"minecraft:iron_pickaxe":1,"minecraft:iron_ingot":43,"minecraft:stone_sword":1,"minecraft:iron_leggings":1,"minecraft:gold_ingot":17,"minecraft:white_bed":1,"minecraft:torch":52,"cobblemon:ultra_ball":4},"minecraft:dropped":{"minecraft:golden_boots":1,"minecraft:birch_planks":8,"minecraft:feather":12,"minecraft:stick":4,"minecraft:iron_pickaxe":1,"minecraft:bone":3,"minecraft:sugar_cane":1,"minecraft:stone_sword":2,"minecraft:cobbled_deepslate":12,"minecraft:rotten_flesh":1,"minecraft:oak_planks":15,"minecraft:white_bed":1,"minecraft:spider_eye":1,"minecraft:wooden_pickaxe":1,"minecraft:egg":3},"minecraft:custom":{"minecraft:mob_kills":26,"minecraft:interact_with_crafting_table":26,"minecraft:leave_game":7,"minecraft:time_since_death":20447,"minecraft:sprint_one_cm":340592,"minecraft:walk_one_cm":482381,"minecraft:damage_blocked_by_shield":675,"minecraft:drop":35,"minecraft:talked_to_villager":1,"minecraft:play_time":203998,"minecraft:deaths":5,"minecraft:sneak_time":6735,"minecraft:walk_under_water_one_cm":47244,"minecraft:jump":3467,"minecraft:interact_with_brewingstand":1,"minecraft:walk_on_water_one_cm":61473,"minecraft:total_world_time":203998,"minecraft:interact_with_furnace":40,"minecraft:sleep_in_bed":4,"minecraft:time_since_rest":16737,"minecraft:damage_taken":2135,"minecraft:damage_dealt":3732,"minecraft:swim_one_cm":25857,"minecraft:fly_one_cm":626847,"minecraft:player_kills":1,"minecraft:open_chest":4,"minecraft:crouch_one_cm":13557,"minecraft:fall_one_cm":100343},"minecraft:broken":{"minecraft:stone_pickaxe":1},"minecraft:killed_by":{"minecraft:spider":1,"minecraft:skeleton":3,"minecraft:zombie":1},"minecraft:picked_up":{"minecraft:crafting_table":8,"minecraft:iron_chestplate":1,"minecraft:wheat":2,"minecraft:chicken":6,"cobblemon:yellow_apricorn":5,"cobblemon:red_apricorn":41,"minecraft:shield":1,"cobblemon:wepear_berry":20,"minecraft:raw_copper":200,"minecraft:iron_leggings":1,"cobblemon:white_apricorn":24,"minecraft:cobbled_deepslate":284,"cobblemon:green_apricorn":6,"cobblemon:white_apricorn_seed":2,"minecraft:beef":2,"cobblemon:oran_berry":17,"minecraft:iron_pickaxe":1,"cobblemon:big_root":13,"cobblemon:quick_ball":12,"minecraft:sugar_cane":1,"cobblemon:green_apricorn_seed":4,"minecraft:egg":5,"minecraft:iron_boots":1,"minecraft:furnace":5,"minecraft:stick":5,"minecraft:raw_iron":62,"cobblemon:apricorn_log":5,"cobblemon:spell_tag":1,"minecraft:torch":30,"minecraft:porkchop":1,"minecraft:carrot":27,"minecraft:stone_sword":1,"minecraft:arrow":5,"minecraft:rotten_flesh":5,"cobblemon:pink_mint_leaf":10,"minecraft:obsidian":15,"minecraft:mutton":4,"cobblemon:blue_apricorn":18,"minecraft:white_wool":3,"minecraft:cobblestone":87,"minecraft:birch_log":24,"cobblemon:great_ball":7,"minecraft:feather":24,"minecraft:air":0,"minecraft:cooked_beef":2,"minecraft:water_bucket":1,"minecraft:andesite":2,"minecraft:leather":4,"minecraft:potato":2,"minecraft:birch_planks":28,"minecraft:oak_log":31,"minecraft:golden_boots":1,"minecraft:dirt":43,"minecraft:lapis_lazuli":98,"minecraft:stripped_birch_log":7,"minecraft:bone":10,"minecraft:wheat_seeds":7,"cobblemon:black_apricorn":4,"minecraft:raw_gold":26,"cobblemon:pink_mint_seeds":4,"minecraft:iron_ingot":11,"cobblemon:wacan_berry":2,"minecraft:oak_planks":98,"minecraft:iron_sword":1,"cobblemon:apricorn_planks":20,"cobblemon:red_apricorn_seed":2,"cobblemon:sun_stone":2,"minecraft:cooked_porkchop":13,"cobblemon:blue_apricorn_seed":2,"cobblemon:cheri_berry":20,"cobblemon:yellow_apricorn_seed":4,"minecraft:amethyst_shard":16,"minecraft:white_bed":5,"minecraft:spider_eye":1,"minecraft:diamond":15,"minecraft:stone_axe":1,"minecraft:iron_helmet":1,"cobblemon:silk_scarf":2,"cobblemon:medicinal_leek":10,"minecraft:coal":49}},"DataVersion":3465}