{"stats":{"minecraft:used":{"minecraft:cooked_mutton":6,"minecraft:stone_sword":76,"minecraft:stone_pickaxe":131,"minecraft:oak_planks":9,"minecraft:wooden_pickaxe":21,"minecraft:cooked_chicken":3,"minecraft:torch":11,"minecraft:dirt":5,"minecraft:mutton":2,"minecraft:crafting_table":3,"minecraft:white_bed":3,"minecraft:iron_pickaxe":5,"minecraft:stone_axe":51,"minecraft:cobblestone":1,"minecraft:furnace":3,"minecraft:cooked_porkchop":1,"minecraft:andesite":2},"minecraft:killed":{"cobblemon:pokemon":12,"minecraft:sheep":3,"minecraft:cow":1},"minecraft:mined":{"minecraft:white_bed":2,"minecraft:stripped_birch_log":7,"cobblemon:big_root":1,"cobblemon:apricorn_log":5,"minecraft:crafting_table":3,"cobblemon:apricorn_leaves":40,"minecraft:grass_block":2,"cobblemon:wepear_berry":9,"minecraft:copper_ore":25,"minecraft:tall_grass":4,"minecraft:lapis_ore":8,"cobblemon:chilan_berry":3,"cobblemon:oran_berry":1,"minecraft:wall_torch":1,"cobblemon:blue_apricorn":1,"minecraft:furnace":3,"cobblemon:bluk_berry":1,"minecraft:birch_log":12,"minecraft:iron_ore":44,"minecraft:andesite":2,"minecraft:birch_leaves":2,"minecraft:grass":11,"minecraft:coal_ore":28,"minecraft:oak_log":21,"minecraft:dirt":3,"minecraft:stone":47,"minecraft:oak_leaves":10},"minecraft:crafted":{"minecraft:cooked_beef":2,"minecraft:oak_planks":100,"minecraft:cooked_porkchop":1,"minecraft:crafting_table":1,"minecraft:iron_helmet":1,"minecraft:wooden_pickaxe":1,"minecraft:cooked_chicken":5,"minecraft:iron_sword":1,"cobblemon:apricorn_planks":20,"minecraft:furnace":1,"minecraft:birch_planks":28,"minecraft:stone_axe":1,"minecraft:cooked_mutton":6,"minecraft:air":0,"minecraft:iron_boots":1,"minecraft:iron_chestplate":1,"minecraft:shield":1,"minecraft:stick":12,"minecraft:iron_ingot":43,"minecraft:iron_pickaxe":1,"minecraft:stone_pickaxe":1,"minecraft:stone_sword":1,"minecraft:iron_leggings":1,"minecraft:white_bed":1,"minecraft:torch":12},"minecraft:dropped":{"minecraft:sugar_cane":1,"minecraft:stone_sword":2,"minecraft:oak_planks":14,"minecraft:white_bed":1,"minecraft:wooden_pickaxe":1},"minecraft:custom":{"minecraft:interact_with_furnace":30,"minecraft:mob_kills":16,"minecraft:interact_with_crafting_table":15,"minecraft:leave_game":2,"minecraft:time_since_death":66255,"minecraft:sleep_in_bed":2,"minecraft:time_since_rest":21381,"minecraft:sprint_one_cm":167008,"minecraft:damage_taken":225,"minecraft:walk_one_cm":171617,"minecraft:drop":19,"minecraft:damage_dealt":1954,"minecraft:swim_one_cm":22411,"minecraft:talked_to_villager":1,"minecraft:fly_one_cm":322926,"minecraft:player_kills":1,"minecraft:crouch_one_cm":2041,"minecraft:play_time":66255,"minecraft:sneak_time":570,"minecraft:walk_under_water_one_cm":6083,"minecraft:jump":1464,"minecraft:interact_with_brewingstand":1,"minecraft:walk_on_water_one_cm":5272,"minecraft:total_world_time":66255,"minecraft:fall_one_cm":45015},"minecraft:broken":{"minecraft:stone_pickaxe":1},"minecraft:picked_up":{"minecraft:birch_log":12,"minecraft:crafting_table":3,"minecraft:feather":6,"minecraft:chicken":6,"minecraft:andesite":2,"cobblemon:yellow_apricorn":2,"minecraft:leather":2,"cobblemon:red_apricorn":4,"minecraft:oak_log":25,"minecraft:lapis_lazuli":49,"minecraft:stripped_birch_log":7,"cobblemon:wepear_berry":10,"minecraft:dirt":5,"minecraft:raw_copper":88,"cobblemon:white_apricorn":6,"minecraft:bone":1,"cobblemon:black_apricorn":2,"cobblemon:green_apricorn":2,"minecraft:beef":2,"cobblemon:big_root":1,"cobblemon:wacan_berry":1,"minecraft:sugar_cane":1,"minecraft:oak_planks":14,"minecraft:furnace":3,"minecraft:egg":3,"minecraft:stick":2,"minecraft:raw_iron":43,"cobblemon:apricorn_log":5,"minecraft:torch":2,"minecraft:porkchop":1,"minecraft:white_bed":3,"minecraft:stone_sword":1,"cobblemon:silk_scarf":1,"minecraft:mutton":4,"cobblemon:blue_apricorn":2,"minecraft:coal":45,"minecraft:white_wool":3,"minecraft:cobblestone":50}},"DataVersion":3465}