{"stats":{"minecraft:used":{"minecraft:oak_fence":1,"minecraft:stone_sword":76,"minecraft:shield":13,"minecraft:iron_sword":39,"minecraft:cooked_chicken":5,"minecraft:rotten_flesh":4,"minecraft:iron_chestplate":1,"minecraft:torch":50,"minecraft:dirt":27,"minecraft:mutton":2,"minecraft:carrot":48,"cobblemon:pc":7,"minecraft:furnace":4,"minecraft:egg":2,"minecraft:cooked_beef":2,"minecraft:cobbled_deepslate":74,"minecraft:iron_leggings":1,"minecraft:wheat_seeds":3,"minecraft:cooked_mutton":8,"minecraft:water_bucket":36,"minecraft:oak_planks":9,"minecraft:stone_pickaxe":191,"minecraft:wooden_pickaxe":32,"minecraft:crafting_table":9,"minecraft:white_bed":4,"minecraft:diamond_pickaxe":47,"minecraft:iron_pickaxe":195,"minecraft:bread":2,"minecraft:stone_axe":55,"minecraft:cobblestone":41,"minecraft:cooked_porkchop":14,"minecraft:andesite":2,"minecraft:bucket":37,"cobblemon:blue_apricorn_seed":1,"cobblemon:bluk_berry":1},"minecraft:killed":{"minecraft:spider":1,"minecraft:skeleton":2,"cobblemon:pokemon":15,"minecraft:sheep":3,"minecraft:zombie":7,"minecraft:enderman":1,"minecraft:cow":2},"minecraft:mined":{"minecraft:large_amethyst_bud":2,"minecraft:white_bed":4,"minecraft:deepslate_diamond_ore":9,"minecraft:stripped_birch_log":7,"cobblemon:apricorn_log":5,"cobblemon:pc":6,"cobblemon:big_root":6,"minecraft:obsidian":16,"minecraft:grass_block":5,"cobblemon:blue_apricorn":1,"minecraft:furnace":4,"minecraft:carrots":11,"minecraft:iron_ore":70,"minecraft:cobbled_deepslate":1,"cobblemon:pink_mint":3,"minecraft:andesite":2,"cobblemon:medicinal_leek":4,"cobblemon:white_apricorn_sapling":1,"minecraft:potatoes":1,"cobblemon:green_apricorn_sapling":1,"minecraft:deepslate_iron_ore":6,"minecraft:stone":62,"minecraft:amethyst_cluster":4,"minecraft:torch":3,"minecraft:oak_fence":2,"minecraft:crafting_table":8,"cobblemon:apricorn_leaves":40,"cobblemon:wepear_berry":9,"minecraft:copper_ore":25,"minecraft:tall_grass":4,"minecraft:cobblestone":5,"minecraft:lapis_ore":8,"minecraft:deepslate_gold_ore":26,"cobblemon:chilan_berry":3,"minecraft:sugar_cane":3,"minecraft:oak_planks":1,"cobblemon:oran_berry":1,"minecraft:diorite":4,"minecraft:wall_torch":1,"cobblemon:yellow_apricorn_sapling":2,"cobblemon:green_mint":3,"cobblemon:bluk_berry":2,"minecraft:birch_log":12,"minecraft:wheat":2,"minecraft:birch_leaves":2,"minecraft:grass":33,"minecraft:oak_log":28,"minecraft:coal_ore":46,"minecraft:dirt":15,"minecraft:cobweb":1,"cobblemon:sun_stone_ore":1,"minecraft:oak_leaves":12,"minecraft:deepslate":155},"minecraft:crafted":{"cobblemon:exp_share":1,"minecraft:oak_planks":128,"minecraft:cooked_chicken":5,"cobblemon:apricorn_planks":20,"minecraft:furnace":1,"cobblemon:premier_ball":4,"minecraft:cooked_mutton":8,"minecraft:iron_boots":1,"minecraft:stone_pickaxe":2,"minecraft:cooked_beef":2,"minecraft:cooked_porkchop":1,"minecraft:crafting_table":2,"minecraft:wooden_pickaxe":2,"minecraft:iron_helmet":2,"minecraft:iron_sword":2,"minecraft:copper_ingot":40,"minecraft:bucket":1,"minecraft:birch_planks":76,"minecraft:stone_axe":1,"minecraft:air":0,"cobblemon:poke_ball":4,"minecraft:iron_chestplate":2,"minecraft:diamond_pickaxe":1,"minecraft:shield":1,"minecraft:stick":36,"minecraft:iron_ingot":63,"minecraft:iron_pickaxe":2,"minecraft:stone_sword":1,"minecraft:iron_leggings":2,"minecraft:gold_ingot":17,"minecraft:white_bed":1,"minecraft:torch":52,"cobblemon:ultra_ball":4},"minecraft:dropped":{"minecraft:golden_boots":1,"minecraft:birch_planks":8,"minecraft:wheat_seeds":5,"minecraft:feather":12,"minecraft:golden_apple":1,"minecraft:stick":4,"minecraft:mutton":4,"minecraft:iron_pickaxe":1,"minecraft:white_wool":1,"minecraft:bone":3,"minecraft:sugar_cane":10,"minecraft:stone_sword":2,"minecraft:cobbled_deepslate":12,"minecraft:rotten_flesh":3,"minecraft:oak_planks":15,"minecraft:white_bed":1,"minecraft:carrot":1,"cobblemon:green_mint_seeds":2,"minecraft:spider_eye":1,"minecraft:wooden_pickaxe":2,"minecraft:stone_pickaxe":1,"minecraft:egg":3},"minecraft:custom":{"minecraft:mob_kills":35,"minecraft:interact_with_crafting_table":34,"minecraft:leave_game":8,"minecraft:time_since_death":121496,"minecraft:sprint_one_cm":623774,"minecraft:walk_one_cm":777661,"minecraft:damage_blocked_by_shield":675,"minecraft:drop":51,"minecraft:talked_to_villager":1,"minecraft:play_time":305047,"minecraft:deaths":5,"minecraft:sneak_time":7368,"minecraft:walk_under_water_one_cm":58871,"minecraft:jump":5685,"minecraft:interact_with_brewingstand":1,"minecraft:walk_on_water_one_cm":74564,"minecraft:total_world_time":305047,"minecraft:interact_with_furnace":48,"minecraft:sleep_in_bed":9,"minecraft:time_since_rest":20971,"minecraft:damage_taken":3770,"minecraft:damage_dealt":4820,"minecraft:player_kills":1,"minecraft:swim_one_cm":37172,"minecraft:fly_one_cm":1153952,"minecraft:open_chest":29,"minecraft:crouch_one_cm":14532,"minecraft:fall_one_cm":172955},"minecraft:broken":{"minecraft:stone_pickaxe":1},"minecraft:killed_by":{"minecraft:spider":1,"minecraft:skeleton":3,"minecraft:zombie":1},"minecraft:picked_up":{"cobblemon:green_mint_leaf":6,"minecraft:iron_chestplate":1,"minecraft:crafting_table":8,"minecraft:wheat":2,"minecraft:chicken":6,"cobblemon:yellow_apricorn":5,"cobblemon:red_apricorn":42,"minecraft:shield":1,"cobblemon:wepear_berry":20,"minecraft:raw_copper":200,"cobblemon:white_apricorn":24,"minecraft:iron_leggings":1,"minecraft:cobbled_deepslate":284,"cobblemon:green_apricorn":6,"cobblemon:white_apricorn_seed":2,"minecraft:beef":5,"cobblemon:oran_berry":21,"minecraft:iron_pickaxe":1,"cobblemon:big_root":13,"cobblemon:quick_ball":34,"minecraft:sugar_cane":19,"cobblemon:green_apricorn_seed":4,"minecraft:furnace":5,"minecraft:iron_boots":1,"minecraft:egg":7,"minecraft:stick":5,"minecraft:raw_iron":82,"cobblemon:apricorn_log":5,"cobblemon:pc":7,"cobblemon:spell_tag":1,"minecraft:oak_fence":1,"minecraft:torch":33,"minecraft:porkchop":1,"minecraft:carrot":36,"minecraft:stone_sword":1,"minecraft:arrow":9,"minecraft:rotten_flesh":7,"cobblemon:pink_mint_leaf":10,"cobblemon:green_mint_seeds":5,"minecraft:obsidian":15,"minecraft:mutton":8,"cobblemon:blue_apricorn":18,"minecraft:white_wool":4,"minecraft:cobblestone":102,"minecraft:birch_log":24,"minecraft:cooked_beef":2,"minecraft:air":0,"minecraft:feather":24,"cobblemon:great_ball":10,"minecraft:water_bucket":1,"minecraft:andesite":2,"minecraft:leather":5,"minecraft:potato":2,"minecraft:birch_planks":28,"minecraft:oak_log":32,"cobblemon:bluk_berry":5,"minecraft:golden_boots":1,"minecraft:stripped_birch_log":7,"minecraft:lapis_lazuli":98,"minecraft:dirt":47,"minecraft:bone":15,"minecraft:wheat_seeds":8,"cobblemon:black_apricorn":4,"minecraft:raw_gold":26,"cobblemon:pink_mint_seeds":4,"minecraft:iron_ingot":11,"cobblemon:wacan_berry":2,"minecraft:iron_sword":1,"minecraft:oak_planks":99,"cobblemon:apricorn_planks":20,"cobblemon:red_apricorn_seed":2,"cobblemon:sun_stone":2,"minecraft:cooked_porkchop":13,"cobblemon:blue_apricorn_seed":2,"cobblemon:cheri_berry":20,"cobblemon:yellow_apricorn_seed":4,"minecraft:amethyst_shard":16,"minecraft:white_bed":5,"minecraft:spider_eye":1,"minecraft:diamond":15,"minecraft:stone_axe":1,"minecraft:iron_helmet":1,"cobblemon:silk_scarf":2,"cobblemon:medicinal_leek":10,"minecraft:coal":67}},"DataVersion":3465}