{"stats":{"minecraft:mined":{"minecraft:large_amethyst_bud":4,"minecraft:white_bed":12,"cobblemon:big_root":6,"cobblemon:pc":10,"cobblemon:apricorn_log":5,"minecraft:obsidian":26,"minecraft:granite":4,"minecraft:grass_block":5,"minecraft:magma_block":5,"minecraft:iron_ore":81,"minecraft:cobbled_deepslate":40,"minecraft:deepslate_lapis_ore":8,"cobblemon:medicinal_leek":4,"cobblemon:white_apricorn_sapling":1,"cobblemon:green_apricorn_sapling":1,"minecraft:oak_stairs":1,"minecraft:deepslate_redstone_ore":5,"minecraft:amethyst_cluster":21,"minecraft:torch":5,"cobblemon:apricorn_leaves":40,"minecraft:blast_furnace":1,"minecraft:calcite":1,"minecraft:chest":1,"minecraft:cobblestone":31,"minecraft:sugar_cane":17,"minecraft:oak_planks":41,"minecraft:wall_torch":5,"minecraft:amethyst_block":1,"minecraft:verdant_froglight":1,"minecraft:birch_log":12,"cobblemon:green_mint":3,"cobblemon:bluk_berry":2,"minecraft:wheat":29,"minecraft:grass":63,"minecraft:oak_log":76,"minecraft:dirt":15,"minecraft:netherrack":1,"minecraft:oak_leaves":28,"minecraft:deepslate":418,"minecraft:deepslate_diamond_ore":22,"minecraft:stripped_birch_log":7,"cobblemon:cheri_berry":2,"gravestone:gravestone":4,"minecraft:hay_block":20,"cobblemon:blue_apricorn":1,"minecraft:furnace":9,"minecraft:carrots":25,"cobblemon:pink_mint":3,"minecraft:andesite":22,"minecraft:gold_block":1,"minecraft:potatoes":2,"minecraft:deepslate_iron_ore":67,"minecraft:stone":112,"minecraft:glass_pane":3,"minecraft:oak_fence":3,"minecraft:crafting_table":15,"cobblemon:wepear_berry":9,"minecraft:tall_grass":8,"minecraft:copper_ore":25,"minecraft:lapis_ore":8,"minecraft:deepslate_gold_ore":70,"cobblemon:chilan_berry":3,"cobblemon:oran_berry":1,"minecraft:diorite":6,"cobblemon:yellow_apricorn_sapling":2,"minecraft:birch_leaves":2,"minecraft:coal_ore":69,"minecraft:cobweb":2,"minecraft:cracked_stone_bricks":3,"cobblemon:sun_stone_ore":1},"minecraft:crafted":{"minecraft:oak_planks":332,"minecraft:smooth_stone":14,"minecraft:cooked_chicken":5,"cobblemon:apricorn_planks":20,"minecraft:stone":14,"minecraft:cooked_mutton":8,"minecraft:iron_boots":1,"minecraft:chest":2,"minecraft:stone_hoe":1,"minecraft:cooked_porkchop":1,"minecraft:crafting_table":10,"minecraft:wooden_pickaxe":6,"minecraft:iron_helmet":2,"minecraft:copper_ingot":40,"minecraft:birch_planks":76,"cobblemon:poke_ball":4,"cobblemon:quick_ball":20,"minecraft:book":1,"minecraft:iron_chestplate":2,"minecraft:paper":15,"minecraft:diamond_pickaxe":2,"minecraft:shield":4,"minecraft:stick":100,"minecraft:iron_ingot":79,"minecraft:iron_pickaxe":3,"minecraft:stone_sword":3,"minecraft:gold_ingot":40,"minecraft:golden_carrot":4,"cobblemon:exp_share":1,"minecraft:oak_door":3,"minecraft:furnace":5,"minecraft:blast_furnace":1,"cobblemon:premier_ball":4,"minecraft:stone_pickaxe":6,"minecraft:cooked_beef":2,"minecraft:iron_sword":2,"minecraft:bucket":2,"minecraft:stone_axe":4,"minecraft:air":0,"minecraft:gold_nugget":36,"minecraft:iron_leggings":2,"minecraft:white_bed":1,"minecraft:torch":124,"cobblemon:ultra_ball":4},"minecraft:killed":{"minecraft:spider":6,"minecraft:skeleton":6,"minecraft:pig":2,"minecraft:creeper":2,"minecraft:sheep":6,"minecraft:zombie":26,"minecraft:cow":2,"minecraft:drowned":1,"cobblemon:pokemon":20,"minecraft:enderman":1},"minecraft:used":{"minecraft:chest":2,"minecraft:shield":30,"minecraft:iron_sword":90,"minecraft:rotten_flesh":16,"minecraft:iron_chestplate":1,"minecraft:mutton":2,"minecraft:carrot":105,"minecraft:tuff":1,"cobblemon:apricorn_planks":9,"minecraft:magma_block":5,"minecraft:sweet_berries":2,"minecraft:furnace":10,"minecraft:oak_sapling":1,"minecraft:egg":7,"minecraft:potato":5,"minecraft:stone_pickaxe":358,"minecraft:oak_planks":53,"minecraft:wooden_pickaxe":59,"minecraft:sugar_cane":12,"cobblemon:yellow_apricorn_seed":2,"minecraft:blast_furnace":1,"cobblemon:green_apricorn_seed":3,"minecraft:bread":20,"cobblemon:red_apricorn_seed":1,"minecraft:andesite":10,"cobblemon:bluk_berry":1,"minecraft:oak_fence":5,"minecraft:stone_sword":169,"minecraft:stone_hoe":3,"minecraft:cooked_chicken":5,"minecraft:netherrack":1,"minecraft:oak_door":2,"minecraft:torch":307,"minecraft:dirt":27,"cobblemon:pc":9,"minecraft:golden_carrot":4,"minecraft:cooked_beef":2,"minecraft:cobbled_deepslate":269,"minecraft:iron_leggings":1,"minecraft:wheat_seeds":30,"minecraft:cooked_mutton":8,"minecraft:water_bucket":48,"minecraft:rabbit":3,"minecraft:rail":1,"minecraft:crafting_table":20,"minecraft:white_bed":13,"minecraft:diamond_pickaxe":86,"minecraft:iron_pickaxe":633,"minecraft:stone_axe":109,"minecraft:cobblestone":74,"minecraft:cooked_porkchop":14,"minecraft:bucket":50,"cobblemon:blue_apricorn_seed":1},"minecraft:custom":{"minecraft:interact_with_crafting_table":83,"minecraft:leave_game":15,"minecraft:time_since_death":59841,"minecraft:sprint_one_cm":1286138,"minecraft:damage_blocked_by_shield":1815,"minecraft:drop":156,"minecraft:talked_to_villager":5,"minecraft:play_time":619974,"minecraft:deaths":23,"minecraft:jump":10491,"minecraft:interact_with_brewingstand":1,"minecraft:walk_on_water_one_cm":117003,"minecraft:interact_with_furnace":66,"minecraft:sleep_in_bed":18,"minecraft:damage_dealt":12718,"minecraft:player_kills":1,"minecraft:crouch_one_cm":31022,"minecraft:mob_kills":79,"minecraft:climb_one_cm":636,"minecraft:walk_one_cm":1552307,"minecraft:sneak_time":16919,"minecraft:walk_under_water_one_cm":127287,"minecraft:interact_with_blast_furnace":5,"minecraft:total_world_time":619974,"minecraft:time_since_rest":31768,"minecraft:damage_taken":10157,"minecraft:swim_one_cm":262289,"minecraft:fly_one_cm":1890835,"minecraft:open_chest":77,"minecraft:fall_one_cm":291597},"minecraft:killed_by":{"minecraft:drowned":1,"minecraft:cave_spider":1,"minecraft:zombie":8,"minecraft:spider":1,"minecraft:skeleton":4},"minecraft:broken":{"minecraft:stone_pickaxe":1,"minecraft:iron_pickaxe":1},"minecraft:picked_up":{"minecraft:iron_chestplate":2,"minecraft:wheat":27,"cobblemon:red_apricorn":44,"minecraft:oak_stairs":1,"minecraft:amethyst_block":1,"cobblemon:wepear_berry":29,"minecraft:string":5,"minecraft:raw_copper":201,"minecraft:iron_leggings":2,"minecraft:cobbled_deepslate":627,"cobblemon:white_apricorn_seed":2,"cobblemon:oran_berry":34,"minecraft:calcite":1,"minecraft:iron_pickaxe":4,"cobblemon:big_root":13,"cobblemon:quick_ball":37,"minecraft:iron_boots":2,"minecraft:furnace":12,"minecraft:stick":7,"cobblemon:apricorn_log":5,"cobblemon:pc":11,"cobblemon:spell_tag":1,"minecraft:oak_fence":8,"minecraft:torch":230,"minecraft:porkchop":5,"minecraft:diorite":2,"minecraft:stone_sword":4,"minecraft:rotten_flesh":36,"cobblemon:green_mint_seeds":5,"minecraft:obsidian":25,"minecraft:cobblestone":179,"minecraft:birch_log":24,"minecraft:magma_block":6,"cobblemon:great_ball":12,"minecraft:feather":26,"minecraft:cooked_beef":2,"cobblemon:ultra_ball":46,"minecraft:water_bucket":1,"minecraft:andesite":22,"minecraft:potato":7,"minecraft:tuff":2,"cobblemon:bluk_berry":17,"minecraft:dirt":47,"minecraft:stripped_birch_log":7,"minecraft:lapis_lazuli":152,"minecraft:bone":21,"cobblemon:black_apricorn":4,"minecraft:wheat_seeds":72,"minecraft:raw_gold":68,"minecraft:rabbit":4,"minecraft:glowstone_dust":28,"minecraft:oak_planks":230,"cobblemon:apricorn_planks":30,"minecraft:ghast_tear":1,"cobblemon:sun_stone":2,"minecraft:cooked_porkchop":13,"cobblemon:leppa_berry":2,"cobblemon:healing_machine":3,"minecraft:diamond":34,"minecraft:granite":4,"minecraft:golden_apple":6,"minecraft:bread":11,"cobblemon:medicinal_leek":10,"minecraft:oak_sapling":1,"minecraft:netherrack":1,"cobblemon:green_mint_leaf":6,"minecraft:crafting_table":17,"minecraft:chicken":10,"cobblemon:yellow_apricorn":8,"minecraft:wooden_pickaxe":1,"minecraft:gold_block":1,"gravestone:obituary":1,"minecraft:shield":4,"cobblemon:white_apricorn":24,"minecraft:cracked_stone_bricks":6,"cobblemon:green_apricorn":7,"minecraft:beef":8,"minecraft:poppy":3,"minecraft:sugar_cane":47,"minecraft:chest":1,"cobblemon:green_apricorn_seed":4,"minecraft:egg":12,"minecraft:raw_iron":162,"minecraft:copper_ingot":32,"cobblemon:vivichoke_seeds":3,"minecraft:carrot":86,"minecraft:redstone":47,"minecraft:arrow":22,"cobblemon:pink_mint_leaf":10,"minecraft:hay_block":20,"minecraft:gold_ingot":12,"minecraft:mutton":19,"minecraft:white_wool":26,"cobblemon:blue_apricorn":19,"minecraft:rail":3,"minecraft:air":0,"minecraft:glow_ink_sac":1,"minecraft:leather":8,"cobblemon:kebia_berry":1,"minecraft:birch_planks":28,"minecraft:oak_log":95,"minecraft:golden_boots":1,"minecraft:gunpowder":2,"minecraft:rabbit_hide":4,"minecraft:stone_pickaxe":3,"minecraft:iron_ingot":16,"cobblemon:pink_mint_seeds":4,"cobblemon:wacan_berry":2,"minecraft:iron_sword":1,"minecraft:verdant_froglight":1,"cobblemon:red_apricorn_seed":2,"minecraft:sweet_berries":2,"cobblemon:blue_apricorn_seed":3,"minecraft:lava_bucket":1,"cobblemon:cheri_berry":31,"cobblemon:yellow_apricorn_seed":5,"minecraft:amethyst_shard":92,"minecraft:blast_furnace":1,"minecraft:white_bed":14,"minecraft:spider_eye":3,"minecraft:stone_axe":4,"minecraft:iron_helmet":1,"cobblemon:silk_scarf":2,"minecraft:coal":248},"minecraft:dropped":{"minecraft:birch_planks":8,"minecraft:oak_log":15,"minecraft:glow_ink_sac":1,"minecraft:leather":1,"minecraft:cracked_stone_bricks":6,"minecraft:rail":2,"minecraft:mutton":4,"gravestone:obituary":5,"minecraft:iron_pickaxe":1,"minecraft:white_wool":12,"cobblemon:ultra_ball":37,"minecraft:gold_ingot":12,"minecraft:bone":7,"minecraft:sugar_cane":10,"minecraft:cobbled_deepslate":12,"minecraft:rotten_flesh":16,"minecraft:oak_planks":16,"minecraft:enchanted_golden_apple":1,"minecraft:glowstone_dust":56,"minecraft:white_bed":1,"minecraft:carrot":1,"minecraft:poppy":3,"minecraft:gunpowder":2,"minecraft:arrow":1,"minecraft:ghast_tear":1,"minecraft:egg":3,"minecraft:golden_boots":2,"minecraft:wheat_seeds":7,"minecraft:feather":12,"minecraft:copper_ingot":31,"minecraft:golden_apple":3,"minecraft:stick":4,"minecraft:lava_bucket":1,"minecraft:iron_leggings":1,"minecraft:oak_stairs":1,"minecraft:string":1,"minecraft:stone_sword":3,"minecraft:tuff":1,"minecraft:iron_boots":1,"cobblemon:quick_ball":1,"cobblemon:green_mint_seeds":2,"minecraft:shield":2,"cobblemon:healing_machine":2,"minecraft:iron_chestplate":1,"minecraft:andesite":1,"minecraft:spider_eye":3,"minecraft:stone_pickaxe":1,"minecraft:wooden_pickaxe":7,"minecraft:calcite":1}},"DataVersion":3465}