{"stats":{"minecraft:killed":{"minecraft:spider":4,"minecraft:skeleton":5,"cobblemon:pokemon":19,"minecraft:creeper":2,"minecraft:sheep":3,"minecraft:zombie":23,"minecraft:enderman":1,"minecraft:cow":2},"minecraft:picked_up":{"cobblemon:green_mint_leaf":6,"minecraft:iron_chestplate":1,"minecraft:crafting_table":16,"minecraft:wheat":4,"minecraft:chicken":6,"cobblemon:yellow_apricorn":5,"cobblemon:red_apricorn":42,"minecraft:wooden_pickaxe":1,"minecraft:oak_stairs":1,"minecraft:gold_block":1,"minecraft:shield":3,"minecraft:amethyst_block":1,"cobblemon:wepear_berry":20,"minecraft:string":5,"minecraft:raw_copper":201,"minecraft:iron_leggings":1,"cobblemon:white_apricorn":24,"minecraft:cracked_stone_bricks":6,"minecraft:cobbled_deepslate":626,"cobblemon:green_apricorn":6,"cobblemon:white_apricorn_seed":2,"minecraft:beef":5,"cobblemon:oran_berry":21,"minecraft:calcite":1,"minecraft:iron_pickaxe":4,"cobblemon:big_root":13,"cobblemon:quick_ball":35,"minecraft:sugar_cane":37,"cobblemon:green_apricorn_seed":4,"minecraft:furnace":12,"minecraft:iron_boots":1,"minecraft:egg":10,"minecraft:stick":7,"minecraft:raw_iron":162,"cobblemon:apricorn_log":5,"cobblemon:spell_tag":1,"cobblemon:pc":9,"minecraft:copper_ingot":1,"minecraft:oak_fence":8,"minecraft:torch":230,"minecraft:porkchop":1,"minecraft:diorite":2,"cobblemon:vivichoke_seeds":3,"minecraft:carrot":86,"minecraft:redstone":47,"minecraft:stone_sword":3,"minecraft:arrow":22,"minecraft:rotten_flesh":28,"cobblemon:pink_mint_leaf":10,"cobblemon:green_mint_seeds":5,"minecraft:obsidian":25,"minecraft:mutton":8,"minecraft:rail":3,"cobblemon:blue_apricorn":18,"minecraft:white_wool":4,"minecraft:cobblestone":163,"minecraft:birch_log":24,"minecraft:magma_block":5,"minecraft:cooked_beef":2,"minecraft:air":0,"minecraft:feather":24,"cobblemon:great_ball":12,"cobblemon:ultra_ball":9,"minecraft:glow_ink_sac":1,"minecraft:water_bucket":1,"minecraft:andesite":22,"minecraft:leather":6,"minecraft:potato":7,"minecraft:birch_planks":28,"minecraft:tuff":2,"minecraft:oak_log":70,"cobblemon:bluk_berry":5,"minecraft:golden_boots":1,"minecraft:gunpowder":2,"minecraft:lapis_lazuli":152,"minecraft:stripped_birch_log":7,"minecraft:dirt":47,"minecraft:bone":19,"minecraft:wheat_seeds":15,"cobblemon:black_apricorn":4,"minecraft:stone_pickaxe":2,"minecraft:raw_gold":68,"minecraft:iron_ingot":16,"cobblemon:pink_mint_seeds":4,"cobblemon:wacan_berry":2,"minecraft:verdant_froglight":1,"minecraft:iron_sword":1,"minecraft:oak_planks":230,"cobblemon:apricorn_planks":30,"cobblemon:red_apricorn_seed":2,"cobblemon:sun_stone":2,"minecraft:cooked_porkchop":13,"cobblemon:cheri_berry":25,"cobblemon:blue_apricorn_seed":2,"cobblemon:yellow_apricorn_seed":4,"minecraft:amethyst_shard":92,"minecraft:blast_furnace":1,"minecraft:white_bed":12,"minecraft:spider_eye":3,"minecraft:diamond":34,"minecraft:stone_axe":3,"minecraft:granite":4,"minecraft:iron_helmet":1,"minecraft:golden_apple":6,"minecraft:bread":3,"cobblemon:silk_scarf":2,"cobblemon:medicinal_leek":10,"minecraft:coal":248},"minecraft:used":{"minecraft:oak_fence":5,"minecraft:stone_sword":108,"minecraft:chest":1,"minecraft:shield":30,"minecraft:iron_sword":90,"minecraft:cooked_chicken":5,"minecraft:rotten_flesh":14,"minecraft:stone_hoe":3,"minecraft:oak_door":2,"minecraft:iron_chestplate":1,"minecraft:torch":307,"minecraft:dirt":27,"minecraft:mutton":2,"minecraft:carrot":105,"minecraft:tuff":1,"cobblemon:apricorn_planks":9,"cobblemon:pc":8,"minecraft:magma_block":4,"minecraft:golden_carrot":4,"minecraft:furnace":9,"minecraft:cooked_beef":2,"minecraft:egg":5,"minecraft:potato":5,"minecraft:cobbled_deepslate":268,"minecraft:iron_leggings":1,"minecraft:cooked_mutton":8,"minecraft:wheat_seeds":6,"minecraft:water_bucket":48,"minecraft:oak_planks":33,"minecraft:stone_pickaxe":334,"minecraft:wooden_pickaxe":50,"minecraft:sugar_cane":12,"minecraft:rail":1,"minecraft:crafting_table":19,"minecraft:blast_furnace":1,"cobblemon:yellow_apricorn_seed":2,"minecraft:white_bed":12,"cobblemon:green_apricorn_seed":3,"minecraft:diamond_pickaxe":86,"minecraft:iron_pickaxe":632,"minecraft:bread":11,"minecraft:stone_axe":96,"minecraft:cobblestone":74,"cobblemon:red_apricorn_seed":1,"minecraft:cooked_porkchop":14,"minecraft:andesite":10,"minecraft:bucket":50,"cobblemon:blue_apricorn_seed":1,"cobblemon:bluk_berry":1},"minecraft:custom":{"minecraft:mob_kills":66,"minecraft:interact_with_crafting_table":75,"minecraft:leave_game":11,"minecraft:time_since_death":20737,"minecraft:sprint_one_cm":1103463,"minecraft:walk_one_cm":1373909,"minecraft:damage_blocked_by_shield":1815,"minecraft:drop":87,"minecraft:talked_to_villager":1,"minecraft:play_time":500858,"minecraft:deaths":16,"minecraft:sneak_time":16350,"minecraft:walk_under_water_one_cm":104472,"minecraft:jump":9231,"minecraft:interact_with_brewingstand":1,"minecraft:interact_with_blast_furnace":5,"minecraft:walk_on_water_one_cm":101895,"minecraft:total_world_time":500858,"minecraft:interact_with_furnace":65,"minecraft:sleep_in_bed":14,"minecraft:time_since_rest":20768,"minecraft:damage_taken":8182,"minecraft:damage_dealt":10633,"minecraft:player_kills":1,"minecraft:swim_one_cm":176627,"minecraft:fly_one_cm":1633001,"minecraft:open_chest":53,"minecraft:crouch_one_cm":30759,"minecraft:fall_one_cm":252334},"minecraft:killed_by":{"minecraft:spider":1,"minecraft:drowned":1,"minecraft:cave_spider":1,"minecraft:skeleton":3,"minecraft:zombie":7},"minecraft:mined":{"minecraft:large_amethyst_bud":4,"minecraft:white_bed":10,"minecraft:deepslate_diamond_ore":22,"minecraft:stripped_birch_log":7,"cobblemon:apricorn_log":5,"cobblemon:pc":8,"cobblemon:big_root":6,"minecraft:obsidian":26,"minecraft:granite":4,"minecraft:grass_block":5,"minecraft:magma_block":4,"cobblemon:blue_apricorn":1,"minecraft:carrots":25,"minecraft:furnace":9,"minecraft:iron_ore":81,"minecraft:cobbled_deepslate":39,"cobblemon:pink_mint":3,"minecraft:andesite":22,"minecraft:deepslate_lapis_ore":8,"minecraft:gold_block":1,"cobblemon:medicinal_leek":4,"cobblemon:white_apricorn_sapling":1,"minecraft:potatoes":2,"cobblemon:green_apricorn_sapling":1,"minecraft:deepslate_iron_ore":67,"minecraft:oak_stairs":1,"minecraft:stone":112,"minecraft:deepslate_redstone_ore":5,"minecraft:amethyst_cluster":21,"cobblemon:apricorn_leaves":40,"minecraft:oak_fence":3,"minecraft:crafting_table":14,"minecraft:torch":5,"minecraft:blast_furnace":1,"minecraft:calcite":1,"cobblemon:wepear_berry":9,"minecraft:copper_ore":25,"minecraft:tall_grass":6,"minecraft:cobblestone":15,"minecraft:deepslate_gold_ore":70,"minecraft:lapis_ore":8,"cobblemon:chilan_berry":3,"cobblemon:oran_berry":1,"minecraft:oak_planks":41,"minecraft:sugar_cane":11,"minecraft:diorite":6,"minecraft:wall_torch":5,"minecraft:amethyst_block":1,"cobblemon:yellow_apricorn_sapling":2,"minecraft:verdant_froglight":1,"cobblemon:bluk_berry":2,"cobblemon:green_mint":3,"minecraft:birch_log":12,"minecraft:wheat":5,"minecraft:birch_leaves":2,"minecraft:grass":33,"minecraft:oak_log":66,"minecraft:coal_ore":69,"minecraft:dirt":15,"minecraft:cobweb":2,"minecraft:cracked_stone_bricks":3,"cobblemon:sun_stone_ore":1,"minecraft:oak_leaves":12,"minecraft:deepslate":418},"minecraft:crafted":{"minecraft:golden_carrot":4,"cobblemon:exp_share":1,"minecraft:oak_door":3,"minecraft:smooth_stone":14,"minecraft:oak_planks":280,"minecraft:cooked_chicken":5,"cobblemon:apricorn_planks":20,"minecraft:furnace":4,"minecraft:blast_furnace":1,"minecraft:stone":14,"cobblemon:premier_ball":4,"minecraft:cooked_mutton":8,"minecraft:iron_boots":1,"minecraft:stone_pickaxe":5,"minecraft:chest":1,"minecraft:stone_hoe":1,"minecraft:cooked_beef":2,"minecraft:cooked_porkchop":1,"minecraft:crafting_table":9,"minecraft:iron_helmet":2,"minecraft:wooden_pickaxe":5,"minecraft:iron_sword":2,"minecraft:copper_ingot":40,"minecraft:bucket":2,"minecraft:birch_planks":76,"minecraft:stone_axe":3,"minecraft:air":0,"cobblemon:poke_ball":4,"minecraft:iron_chestplate":2,"minecraft:book":1,"minecraft:paper":15,"minecraft:diamond_pickaxe":2,"minecraft:shield":3,"minecraft:gold_nugget":36,"minecraft:stick":92,"minecraft:iron_ingot":79,"minecraft:iron_pickaxe":3,"minecraft:stone_sword":2,"minecraft:iron_leggings":2,"minecraft:gold_ingot":40,"minecraft:white_bed":1,"minecraft:torch":124,"cobblemon:ultra_ball":4},"minecraft:broken":{"minecraft:stone_pickaxe":1,"minecraft:iron_pickaxe":1},"minecraft:dropped":{"minecraft:golden_boots":1,"minecraft:birch_planks":8,"minecraft:wheat_seeds":5,"minecraft:glow_ink_sac":1,"minecraft:feather":12,"minecraft:cracked_stone_bricks":6,"minecraft:rail":2,"minecraft:golden_apple":3,"minecraft:stick":4,"minecraft:mutton":4,"minecraft:oak_stairs":1,"minecraft:iron_pickaxe":1,"minecraft:string":1,"minecraft:white_wool":1,"minecraft:bone":3,"minecraft:sugar_cane":10,"minecraft:stone_sword":2,"minecraft:cobbled_deepslate":12,"minecraft:tuff":1,"minecraft:rotten_flesh":13,"minecraft:oak_planks":16,"minecraft:enchanted_golden_apple":1,"cobblemon:quick_ball":1,"minecraft:white_bed":1,"minecraft:carrot":1,"cobblemon:green_mint_seeds":2,"minecraft:gunpowder":2,"minecraft:andesite":1,"minecraft:spider_eye":3,"minecraft:stone_pickaxe":1,"minecraft:wooden_pickaxe":6,"minecraft:calcite":1,"minecraft:egg":3}},"DataVersion":3465}