{"stats":{"minecraft:used":{"minecraft:cooked_mutton":1,"minecraft:stone_sword":57,"minecraft:stone_pickaxe":1,"minecraft:wooden_pickaxe":21,"minecraft:cooked_chicken":3,"minecraft:stone_axe":36,"minecraft:dirt":5,"minecraft:crafting_table":2,"minecraft:furnace":1,"minecraft:white_bed":1},"minecraft:mined":{"minecraft:white_bed":1,"cobblemon:blue_apricorn":1,"minecraft:furnace":1,"minecraft:birch_log":5,"minecraft:birch_leaves":2,"cobblemon:apricorn_log":5,"cobblemon:apricorn_leaves":34,"minecraft:crafting_table":2,"minecraft:grass":1,"minecraft:grass_block":2,"minecraft:oak_log":21,"minecraft:coal_ore":5,"minecraft:dirt":3,"minecraft:stone":16,"minecraft:oak_leaves":4},"minecraft:killed":{"minecraft:sheep":3,"cobblemon:pokemon":10},"minecraft:crafted":{"minecraft:oak_planks":56,"minecraft:crafting_table":1,"minecraft:stick":8,"minecraft:wooden_pickaxe":1,"minecraft:cooked_chicken":3,"minecraft:stone_pickaxe":1,"minecraft:stone_sword":1,"minecraft:furnace":1,"minecraft:white_bed":1,"minecraft:stone_axe":1,"minecraft:cooked_mutton":4,"minecraft:air":0},"minecraft:dropped":{"minecraft:stone_sword":1,"minecraft:oak_planks":14,"minecraft:white_bed":1},"minecraft:custom":{"minecraft:time_since_rest":475,"minecraft:interact_with_furnace":10,"minecraft:sprint_one_cm":72037,"minecraft:damage_taken":55,"minecraft:walk_one_cm":91027,"minecraft:mob_kills":13,"minecraft:drop":16,"minecraft:damage_dealt":1518,"minecraft:swim_one_cm":9297,"minecraft:interact_with_crafting_table":7,"minecraft:fly_one_cm":125965,"minecraft:player_kills":1,"minecraft:play_time":30255,"minecraft:crouch_one_cm":1346,"minecraft:sneak_time":286,"minecraft:walk_under_water_one_cm":1224,"minecraft:jump":569,"minecraft:leave_game":2,"minecraft:walk_on_water_one_cm":909,"minecraft:time_since_death":30255,"minecraft:sleep_in_bed":1,"minecraft:total_world_time":30255,"minecraft:fall_one_cm":16449},"minecraft:picked_up":{"minecraft:birch_log":5,"minecraft:crafting_table":2,"cobblemon:apricorn_log":5,"minecraft:feather":6,"minecraft:chicken":6,"cobblemon:red_apricorn":1,"minecraft:oak_log":25,"minecraft:white_bed":2,"minecraft:dirt":5,"cobblemon:white_apricorn":2,"minecraft:stone_sword":1,"minecraft:bone":1,"cobblemon:green_apricorn":2,"cobblemon:silk_scarf":1,"minecraft:mutton":4,"cobblemon:wacan_berry":1,"minecraft:coal":7,"minecraft:oak_planks":14,"minecraft:white_wool":3,"minecraft:egg":1,"minecraft:cobblestone":16,"minecraft:furnace":1}},"DataVersion":3465}