{"stats":{"minecraft:used":{"minecraft:oak_fence":1,"minecraft:stone_sword":76,"minecraft:chest":1,"minecraft:shield":22,"minecraft:iron_sword":83,"minecraft:cooked_chicken":5,"minecraft:rotten_flesh":4,"minecraft:stone_hoe":3,"minecraft:iron_chestplate":1,"minecraft:torch":86,"minecraft:dirt":27,"minecraft:mutton":2,"minecraft:carrot":105,"cobblemon:pc":8,"minecraft:golden_carrot":3,"minecraft:furnace":7,"minecraft:cooked_beef":2,"minecraft:egg":5,"minecraft:potato":5,"minecraft:cobbled_deepslate":108,"minecraft:iron_leggings":1,"minecraft:cooked_mutton":8,"minecraft:wheat_seeds":6,"minecraft:water_bucket":38,"minecraft:oak_planks":9,"minecraft:stone_pickaxe":191,"minecraft:wooden_pickaxe":32,"minecraft:sugar_cane":12,"minecraft:crafting_table":13,"minecraft:blast_furnace":1,"cobblemon:yellow_apricorn_seed":2,"minecraft:white_bed":5,"cobblemon:green_apricorn_seed":3,"minecraft:diamond_pickaxe":63,"minecraft:iron_pickaxe":420,"minecraft:bread":2,"minecraft:stone_axe":80,"minecraft:cobblestone":41,"cobblemon:red_apricorn_seed":1,"minecraft:cooked_porkchop":14,"minecraft:andesite":2,"minecraft:bucket":40,"cobblemon:blue_apricorn_seed":1,"cobblemon:bluk_berry":1},"minecraft:killed":{"minecraft:spider":4,"minecraft:skeleton":3,"cobblemon:pokemon":17,"minecraft:creeper":1,"minecraft:sheep":3,"minecraft:zombie":12,"minecraft:enderman":1,"minecraft:cow":2},"minecraft:mined":{"minecraft:large_amethyst_bud":4,"minecraft:white_bed":4,"minecraft:deepslate_diamond_ore":18,"minecraft:stripped_birch_log":7,"cobblemon:apricorn_log":5,"cobblemon:pc":8,"cobblemon:big_root":6,"minecraft:obsidian":26,"minecraft:grass_block":5,"cobblemon:blue_apricorn":1,"minecraft:carrots":25,"minecraft:furnace":7,"minecraft:iron_ore":71,"minecraft:cobbled_deepslate":3,"cobblemon:pink_mint":3,"minecraft:andesite":2,"minecraft:deepslate_lapis_ore":2,"minecraft:gold_block":1,"cobblemon:medicinal_leek":4,"cobblemon:white_apricorn_sapling":1,"minecraft:potatoes":2,"cobblemon:green_apricorn_sapling":1,"minecraft:deepslate_iron_ore":26,"minecraft:oak_stairs":1,"minecraft:stone":80,"minecraft:deepslate_redstone_ore":5,"minecraft:amethyst_cluster":19,"cobblemon:apricorn_leaves":40,"minecraft:oak_fence":2,"minecraft:crafting_table":11,"minecraft:torch":3,"minecraft:blast_furnace":1,"minecraft:calcite":1,"cobblemon:wepear_berry":9,"minecraft:copper_ore":25,"minecraft:tall_grass":6,"minecraft:cobblestone":5,"minecraft:deepslate_gold_ore":50,"minecraft:lapis_ore":8,"cobblemon:chilan_berry":3,"cobblemon:oran_berry":1,"minecraft:oak_planks":1,"minecraft:sugar_cane":11,"minecraft:diorite":4,"minecraft:wall_torch":1,"minecraft:amethyst_block":1,"cobblemon:yellow_apricorn_sapling":2,"cobblemon:green_mint":3,"cobblemon:bluk_berry":2,"minecraft:birch_log":12,"minecraft:wheat":5,"minecraft:birch_leaves":2,"minecraft:grass":33,"minecraft:oak_log":49,"minecraft:coal_ore":69,"minecraft:dirt":15,"minecraft:cobweb":1,"cobblemon:sun_stone_ore":1,"minecraft:oak_leaves":12,"minecraft:deepslate":256},"minecraft:crafted":{"minecraft:golden_carrot":4,"cobblemon:exp_share":1,"minecraft:smooth_stone":14,"minecraft:oak_planks":212,"minecraft:cooked_chicken":5,"cobblemon:apricorn_planks":20,"minecraft:furnace":3,"minecraft:blast_furnace":1,"minecraft:stone":14,"cobblemon:premier_ball":4,"minecraft:cooked_mutton":8,"minecraft:iron_boots":1,"minecraft:stone_pickaxe":2,"minecraft:chest":1,"minecraft:stone_hoe":1,"minecraft:cooked_beef":2,"minecraft:cooked_porkchop":1,"minecraft:crafting_table":4,"minecraft:wooden_pickaxe":2,"minecraft:iron_helmet":2,"minecraft:iron_sword":2,"minecraft:copper_ingot":40,"minecraft:bucket":2,"minecraft:birch_planks":76,"minecraft:stone_axe":2,"minecraft:air":0,"cobblemon:poke_ball":4,"minecraft:paper":15,"minecraft:iron_chestplate":2,"minecraft:book":1,"minecraft:diamond_pickaxe":2,"minecraft:shield":2,"minecraft:gold_nugget":36,"minecraft:stick":48,"minecraft:iron_ingot":71,"minecraft:iron_pickaxe":2,"minecraft:stone_sword":1,"minecraft:iron_leggings":2,"minecraft:gold_ingot":40,"minecraft:white_bed":1,"minecraft:torch":80,"cobblemon:ultra_ball":4},"minecraft:dropped":{"minecraft:golden_boots":1,"minecraft:birch_planks":8,"minecraft:wheat_seeds":5,"minecraft:feather":12,"minecraft:golden_apple":1,"minecraft:stick":4,"minecraft:mutton":4,"minecraft:oak_stairs":1,"minecraft:iron_pickaxe":1,"minecraft:white_wool":1,"minecraft:bone":3,"minecraft:sugar_cane":10,"minecraft:stone_sword":2,"minecraft:cobbled_deepslate":12,"minecraft:rotten_flesh":12,"minecraft:oak_planks":15,"minecraft:enchanted_golden_apple":1,"minecraft:white_bed":1,"minecraft:carrot":1,"cobblemon:green_mint_seeds":2,"minecraft:gunpowder":1,"minecraft:spider_eye":3,"minecraft:stone_pickaxe":1,"minecraft:wooden_pickaxe":2,"minecraft:egg":3},"minecraft:custom":{"minecraft:mob_kills":49,"minecraft:interact_with_crafting_table":55,"minecraft:leave_game":9,"minecraft:time_since_death":193338,"minecraft:sprint_one_cm":763459,"minecraft:walk_one_cm":979180,"minecraft:damage_blocked_by_shield":1425,"minecraft:drop":65,"minecraft:talked_to_villager":1,"minecraft:play_time":376889,"minecraft:deaths":5,"minecraft:sneak_time":9595,"minecraft:walk_under_water_one_cm":60475,"minecraft:jump":7466,"minecraft:interact_with_brewingstand":1,"minecraft:interact_with_blast_furnace":5,"minecraft:walk_on_water_one_cm":88870,"minecraft:total_world_time":376889,"minecraft:interact_with_furnace":60,"minecraft:sleep_in_bed":11,"minecraft:time_since_rest":32199,"minecraft:damage_taken":4677,"minecraft:damage_dealt":7248,"minecraft:player_kills":1,"minecraft:swim_one_cm":39957,"minecraft:fly_one_cm":1469360,"minecraft:open_chest":48,"minecraft:crouch_one_cm":17650,"minecraft:fall_one_cm":224334},"minecraft:broken":{"minecraft:stone_pickaxe":1},"minecraft:killed_by":{"minecraft:spider":1,"minecraft:skeleton":3,"minecraft:zombie":1},"minecraft:picked_up":{"cobblemon:green_mint_leaf":6,"minecraft:iron_chestplate":1,"minecraft:crafting_table":11,"minecraft:wheat":4,"minecraft:chicken":6,"cobblemon:yellow_apricorn":5,"cobblemon:red_apricorn":42,"minecraft:oak_stairs":1,"minecraft:gold_block":1,"minecraft:shield":1,"minecraft:amethyst_block":1,"cobblemon:wepear_berry":20,"minecraft:raw_copper":201,"cobblemon:white_apricorn":24,"minecraft:iron_leggings":1,"minecraft:cobbled_deepslate":387,"cobblemon:green_apricorn":6,"cobblemon:white_apricorn_seed":2,"minecraft:beef":5,"cobblemon:oran_berry":21,"minecraft:calcite":1,"minecraft:iron_pickaxe":1,"cobblemon:big_root":13,"cobblemon:quick_ball":34,"minecraft:sugar_cane":37,"cobblemon:green_apricorn_seed":4,"minecraft:furnace":8,"minecraft:iron_boots":1,"minecraft:egg":10,"minecraft:stick":5,"minecraft:raw_iron":102,"cobblemon:apricorn_log":5,"cobblemon:pc":9,"cobblemon:spell_tag":1,"minecraft:copper_ingot":1,"minecraft:oak_fence":1,"minecraft:torch":33,"minecraft:porkchop":1,"minecraft:carrot":86,"minecraft:redstone":22,"minecraft:stone_sword":1,"minecraft:arrow":11,"minecraft:rotten_flesh":16,"cobblemon:pink_mint_leaf":10,"cobblemon:green_mint_seeds":5,"minecraft:obsidian":25,"minecraft:mutton":8,"cobblemon:blue_apricorn":18,"minecraft:white_wool":4,"minecraft:cobblestone":121,"minecraft:birch_log":24,"minecraft:cooked_beef":2,"minecraft:air":0,"minecraft:feather":24,"cobblemon:great_ball":12,"minecraft:water_bucket":1,"minecraft:andesite":2,"minecraft:leather":6,"minecraft:potato":7,"minecraft:birch_planks":28,"minecraft:tuff":1,"minecraft:oak_log":53,"cobblemon:bluk_berry":5,"minecraft:golden_boots":1,"minecraft:gunpowder":1,"minecraft:stripped_birch_log":7,"minecraft:lapis_lazuli":109,"minecraft:dirt":47,"minecraft:bone":15,"minecraft:wheat_seeds":15,"cobblemon:black_apricorn":4,"minecraft:raw_gold":50,"minecraft:iron_ingot":11,"cobblemon:pink_mint_seeds":4,"cobblemon:wacan_berry":2,"minecraft:iron_sword":1,"minecraft:oak_planks":99,"cobblemon:apricorn_planks":20,"cobblemon:red_apricorn_seed":2,"cobblemon:sun_stone":2,"minecraft:cooked_porkchop":13,"cobblemon:blue_apricorn_seed":2,"cobblemon:cheri_berry":25,"cobblemon:yellow_apricorn_seed":4,"minecraft:amethyst_shard":76,"minecraft:blast_furnace":1,"minecraft:white_bed":5,"minecraft:spider_eye":3,"minecraft:diamond":24,"minecraft:stone_axe":1,"minecraft:iron_helmet":1,"cobblemon:silk_scarf":2,"cobblemon:medicinal_leek":10,"minecraft:coal":202}},"DataVersion":3465}