{"stats":{"minecraft:used":{"minecraft:stone_sword":76,"minecraft:shield":13,"minecraft:iron_sword":30,"minecraft:cooked_chicken":5,"minecraft:rotten_flesh":4,"minecraft:torch":47,"minecraft:dirt":5,"minecraft:mutton":2,"minecraft:furnace":4,"minecraft:cooked_beef":2,"minecraft:cobbled_deepslate":74,"minecraft:cooked_mutton":6,"minecraft:water_bucket":36,"minecraft:oak_planks":9,"minecraft:stone_pickaxe":131,"minecraft:wooden_pickaxe":21,"minecraft:crafting_table":8,"minecraft:white_bed":4,"minecraft:diamond_pickaxe":47,"minecraft:iron_pickaxe":195,"minecraft:stone_axe":55,"minecraft:cobblestone":41,"minecraft:cooked_porkchop":1,"minecraft:andesite":2,"minecraft:bucket":37},"minecraft:killed":{"minecraft:skeleton":1,"cobblemon:pokemon":15,"minecraft:sheep":3,"minecraft:zombie":5,"minecraft:cow":1},"minecraft:mined":{"minecraft:large_amethyst_bud":2,"minecraft:white_bed":3,"minecraft:deepslate_diamond_ore":9,"minecraft:stripped_birch_log":7,"cobblemon:big_root":6,"cobblemon:apricorn_log":5,"minecraft:obsidian":16,"minecraft:grass_block":5,"cobblemon:blue_apricorn":1,"minecraft:furnace":4,"minecraft:iron_ore":51,"minecraft:cobbled_deepslate":1,"minecraft:andesite":2,"minecraft:deepslate_iron_ore":5,"minecraft:stone":48,"minecraft:amethyst_cluster":4,"minecraft:crafting_table":7,"cobblemon:apricorn_leaves":40,"cobblemon:wepear_berry":9,"minecraft:tall_grass":4,"minecraft:copper_ore":25,"minecraft:cobblestone":5,"minecraft:lapis_ore":8,"minecraft:deepslate_gold_ore":26,"cobblemon:chilan_berry":3,"cobblemon:oran_berry":1,"minecraft:diorite":4,"minecraft:wall_torch":1,"cobblemon:bluk_berry":1,"minecraft:birch_log":12,"minecraft:birch_leaves":2,"minecraft:grass":11,"minecraft:oak_log":27,"minecraft:coal_ore":28,"minecraft:dirt":11,"minecraft:cobweb":1,"cobblemon:sun_stone_ore":1,"minecraft:oak_leaves":11,"minecraft:deepslate":155},"minecraft:crafted":{"minecraft:oak_planks":100,"minecraft:cooked_chicken":5,"cobblemon:apricorn_planks":20,"minecraft:furnace":1,"cobblemon:premier_ball":4,"minecraft:cooked_mutton":6,"minecraft:iron_boots":1,"minecraft:stone_pickaxe":1,"minecraft:cooked_beef":2,"minecraft:cooked_porkchop":1,"minecraft:crafting_table":2,"minecraft:wooden_pickaxe":1,"minecraft:iron_helmet":1,"minecraft:iron_sword":1,"minecraft:copper_ingot":40,"minecraft:bucket":1,"minecraft:birch_planks":76,"minecraft:stone_axe":1,"minecraft:air":0,"cobblemon:poke_ball":4,"minecraft:iron_chestplate":1,"minecraft:diamond_pickaxe":1,"minecraft:shield":1,"minecraft:stick":28,"minecraft:iron_pickaxe":1,"minecraft:iron_ingot":43,"minecraft:stone_sword":1,"minecraft:iron_leggings":1,"minecraft:gold_ingot":17,"minecraft:white_bed":1,"minecraft:torch":52,"cobblemon:ultra_ball":4},"minecraft:dropped":{"minecraft:birch_planks":8,"minecraft:feather":12,"minecraft:stick":4,"minecraft:iron_pickaxe":1,"minecraft:bone":3,"minecraft:sugar_cane":1,"minecraft:stone_sword":2,"minecraft:cobbled_deepslate":12,"minecraft:rotten_flesh":1,"minecraft:oak_planks":15,"minecraft:white_bed":1,"minecraft:spider_eye":1,"minecraft:wooden_pickaxe":1,"minecraft:egg":3},"minecraft:custom":{"minecraft:mob_kills":25,"minecraft:interact_with_crafting_table":26,"minecraft:leave_game":5,"minecraft:time_since_death":13601,"minecraft:sprint_one_cm":285902,"minecraft:walk_one_cm":396172,"minecraft:damage_blocked_by_shield":675,"minecraft:drop":34,"minecraft:talked_to_villager":1,"minecraft:play_time":161860,"minecraft:deaths":4,"minecraft:sneak_time":6569,"minecraft:walk_under_water_one_cm":44243,"minecraft:jump":3052,"minecraft:interact_with_brewingstand":1,"minecraft:walk_on_water_one_cm":59322,"minecraft:total_world_time":161860,"minecraft:interact_with_furnace":38,"minecraft:sleep_in_bed":3,"minecraft:time_since_rest":13636,"minecraft:damage_taken":1745,"minecraft:damage_dealt":3699,"minecraft:swim_one_cm":24529,"minecraft:fly_one_cm":537435,"minecraft:player_kills":1,"minecraft:crouch_one_cm":13129,"minecraft:fall_one_cm":88479},"minecraft:broken":{"minecraft:stone_pickaxe":1},"minecraft:killed_by":{"minecraft:spider":1,"minecraft:skeleton":2,"minecraft:zombie":1},"minecraft:picked_up":{"minecraft:crafting_table":7,"minecraft:iron_chestplate":1,"minecraft:chicken":6,"cobblemon:yellow_apricorn":4,"cobblemon:red_apricorn":13,"minecraft:shield":1,"cobblemon:wepear_berry":20,"minecraft:raw_copper":200,"minecraft:iron_leggings":1,"cobblemon:white_apricorn":13,"minecraft:cobbled_deepslate":284,"cobblemon:green_apricorn":4,"minecraft:beef":2,"cobblemon:oran_berry":17,"minecraft:iron_pickaxe":1,"cobblemon:big_root":13,"minecraft:sugar_cane":1,"minecraft:egg":4,"minecraft:iron_boots":1,"minecraft:furnace":5,"minecraft:stick":5,"minecraft:raw_iron":62,"cobblemon:apricorn_log":5,"cobblemon:spell_tag":1,"minecraft:torch":30,"minecraft:porkchop":1,"minecraft:stone_sword":1,"minecraft:arrow":1,"minecraft:rotten_flesh":5,"minecraft:mutton":4,"minecraft:obsidian":15,"cobblemon:blue_apricorn":4,"minecraft:white_wool":3,"minecraft:cobblestone":87,"minecraft:birch_log":24,"minecraft:feather":24,"minecraft:air":0,"minecraft:cooked_beef":2,"minecraft:water_bucket":1,"minecraft:andesite":2,"minecraft:leather":4,"minecraft:birch_planks":28,"minecraft:oak_log":31,"minecraft:dirt":16,"minecraft:lapis_lazuli":98,"minecraft:stripped_birch_log":7,"minecraft:bone":5,"cobblemon:black_apricorn":4,"minecraft:raw_gold":26,"minecraft:iron_ingot":11,"cobblemon:wacan_berry":2,"minecraft:oak_planks":74,"minecraft:iron_sword":1,"cobblemon:apricorn_planks":20,"cobblemon:red_apricorn_seed":1,"cobblemon:sun_stone":2,"minecraft:amethyst_shard":16,"minecraft:white_bed":4,"minecraft:spider_eye":1,"minecraft:diamond":15,"minecraft:stone_axe":1,"minecraft:iron_helmet":1,"cobblemon:silk_scarf":2,"minecraft:coal":49}},"DataVersion":3465}