{"stats":{"minecraft:mined":{"minecraft:large_amethyst_bud":4,"minecraft:white_bed":12,"cobblemon:big_root":6,"cobblemon:pc":14,"cobblemon:apricorn_log":5,"minecraft:obsidian":26,"minecraft:granite":4,"minecraft:grass_block":11,"minecraft:jungle_log":18,"minecraft:magma_block":5,"minecraft:iron_ore":109,"minecraft:cobbled_deepslate":40,"minecraft:fire":7,"minecraft:deepslate_lapis_ore":8,"cobblemon:medicinal_leek":4,"cobblemon:white_apricorn_sapling":1,"cobblemon:green_apricorn_sapling":1,"minecraft:oak_stairs":1,"minecraft:player_head":1,"minecraft:deepslate_redstone_ore":5,"minecraft:jungle_door":5,"minecraft:amethyst_cluster":21,"minecraft:torch":7,"cobblemon:apricorn_leaves":40,"minecraft:blast_furnace":1,"minecraft:calcite":1,"minecraft:chest":1,"minecraft:cobblestone":31,"minecraft:sugar_cane":17,"minecraft:oak_planks":41,"minecraft:wall_torch":5,"minecraft:amethyst_block":1,"minecraft:verdant_froglight":1,"minecraft:birch_log":12,"cobblemon:green_mint":3,"cobblemon:bluk_berry":2,"minecraft:wheat":29,"minecraft:grass":69,"minecraft:oak_log":76,"minecraft:sand":1,"minecraft:dirt":16,"minecraft:netherrack":3,"minecraft:oak_leaves":45,"minecraft:deepslate":425,"cobblemon:healing_machine":3,"minecraft:deepslate_diamond_ore":22,"minecraft:stripped_birch_log":7,"cobblemon:cheri_berry":2,"gravestone:gravestone":6,"minecraft:sandstone":2,"minecraft:hay_block":20,"cobblemon:blue_apricorn":1,"minecraft:furnace":11,"minecraft:carrots":25,"cobblemon:pink_mint":3,"minecraft:andesite":22,"minecraft:gold_block":1,"minecraft:potatoes":2,"minecraft:deepslate_iron_ore":90,"minecraft:vine":3,"minecraft:brain_coral_wall_fan":1,"minecraft:stone":129,"minecraft:glass_pane":3,"minecraft:fire_coral":1,"minecraft:oak_fence":3,"minecraft:crafting_table":15,"cobblemon:wepear_berry":9,"minecraft:tall_grass":8,"minecraft:copper_ore":25,"minecraft:lapis_ore":8,"minecraft:deepslate_gold_ore":70,"cobblemon:chilan_berry":3,"cobblemon:oran_berry":1,"minecraft:diorite":6,"cobblemon:yellow_apricorn_sapling":2,"minecraft:birch_leaves":2,"minecraft:coal_ore":103,"minecraft:cobweb":2,"minecraft:cracked_stone_bricks":3,"cobblemon:sun_stone_ore":1,"minecraft:fern":2},"minecraft:crafted":{"minecraft:oak_planks":332,"minecraft:smooth_stone":14,"minecraft:cooked_chicken":5,"cobblemon:apricorn_planks":20,"minecraft:stone":14,"minecraft:cooked_mutton":8,"minecraft:iron_boots":1,"minecraft:chest":2,"minecraft:stone_hoe":1,"minecraft:cooked_porkchop":5,"minecraft:crafting_table":14,"minecraft:wooden_pickaxe":6,"minecraft:iron_helmet":3,"minecraft:copper_ingot":40,"minecraft:birch_planks":76,"cobblemon:poke_ball":4,"cobblemon:quick_ball":24,"minecraft:book":1,"minecraft:iron_chestplate":3,"minecraft:paper":15,"minecraft:diamond_pickaxe":2,"minecraft:shield":4,"minecraft:stick":112,"minecraft:iron_ingot":106,"minecraft:iron_pickaxe":4,"minecraft:stone_sword":3,"minecraft:gold_ingot":40,"minecraft:golden_carrot":4,"cobblemon:exp_share":1,"minecraft:oak_door":3,"minecraft:furnace":6,"minecraft:blast_furnace":1,"cobblemon:premier_ball":4,"minecraft:stone_pickaxe":6,"minecraft:wheat":176,"minecraft:cooked_beef":12,"minecraft:iron_sword":2,"minecraft:bucket":3,"minecraft:stone_axe":4,"minecraft:bread":71,"minecraft:air":0,"minecraft:jungle_planks":64,"minecraft:jungle_door":3,"minecraft:gold_nugget":36,"minecraft:iron_leggings":3,"minecraft:white_bed":1,"minecraft:torch":144,"cobblemon:ultra_ball":4},"minecraft:killed":{"minecraft:spider":6,"minecraft:skeleton":9,"minecraft:pig":4,"minecraft:creeper":2,"minecraft:sheep":9,"minecraft:zombie":32,"minecraft:cow":6,"minecraft:drowned":1,"cobblemon:pokemon":23,"minecraft:enderman":2},"minecraft:used":{"minecraft:chest":3,"minecraft:shield":50,"minecraft:iron_sword":145,"minecraft:rotten_flesh":18,"minecraft:iron_chestplate":2,"minecraft:mutton":2,"minecraft:carrot":105,"minecraft:tuff":1,"cobblemon:apricorn_planks":9,"minecraft:magma_block":5,"minecraft:sweet_berries":2,"minecraft:furnace":12,"minecraft:oak_sapling":1,"minecraft:cooked_cod":7,"minecraft:egg":8,"minecraft:potato":5,"minecraft:stone_pickaxe":444,"minecraft:oak_planks":53,"minecraft:wooden_pickaxe":59,"minecraft:sandstone":1,"minecraft:sugar_cane":12,"minecraft:blast_furnace":1,"cobblemon:yellow_apricorn_seed":2,"cobblemon:green_apricorn_seed":3,"minecraft:bread":30,"cobblemon:red_apricorn_seed":1,"minecraft:andesite":10,"cobblemon:bluk_berry":1,"minecraft:oak_fence":5,"minecraft:stone_sword":184,"minecraft:stone_hoe":3,"minecraft:cooked_chicken":5,"minecraft:netherrack":3,"minecraft:oak_door":2,"minecraft:torch":325,"minecraft:dirt":27,"cobblemon:pc":12,"minecraft:golden_carrot":4,"minecraft:cooked_beef":4,"minecraft:cobbled_deepslate":269,"minecraft:iron_leggings":2,"minecraft:wheat_seeds":30,"minecraft:cooked_mutton":8,"minecraft:water_bucket":48,"minecraft:rabbit":4,"minecraft:rail":1,"minecraft:crafting_table":24,"minecraft:white_bed":13,"minecraft:diamond_pickaxe":86,"minecraft:iron_pickaxe":680,"minecraft:stone_axe":153,"minecraft:cobblestone":76,"minecraft:potion":1,"minecraft:porkchop":4,"minecraft:cooked_porkchop":18,"minecraft:jungle_door":5,"minecraft:bucket":51,"cobblemon:blue_apricorn_seed":1},"minecraft:custom":{"minecraft:interact_with_crafting_table":101,"minecraft:open_barrel":8,"minecraft:leave_game":19,"minecraft:time_since_death":55123,"minecraft:sprint_one_cm":1416944,"minecraft:damage_blocked_by_shield":3255,"minecraft:drop":189,"minecraft:talked_to_villager":8,"minecraft:play_time":740807,"minecraft:deaths":25,"minecraft:jump":11896,"minecraft:interact_with_brewingstand":1,"minecraft:walk_on_water_one_cm":142211,"minecraft:interact_with_furnace":78,"minecraft:sleep_in_bed":18,"minecraft:damage_dealt":16123,"minecraft:player_kills":1,"minecraft:crouch_one_cm":33235,"minecraft:mob_kills":101,"minecraft:climb_one_cm":2346,"minecraft:walk_one_cm":1755239,"minecraft:sneak_time":18403,"minecraft:walk_under_water_one_cm":158431,"minecraft:interact_with_blast_furnace":5,"minecraft:total_world_time":740807,"minecraft:time_since_rest":55585,"minecraft:damage_taken":11916,"minecraft:swim_one_cm":323670,"minecraft:fly_one_cm":2093154,"minecraft:open_chest":93,"minecraft:fall_one_cm":327383},"minecraft:killed_by":{"minecraft:drowned":1,"minecraft:cave_spider":1,"minecraft:zombie":10,"minecraft:spider":1,"minecraft:skeleton":4},"minecraft:broken":{"minecraft:stone_pickaxe":1,"minecraft:iron_pickaxe":1},"minecraft:picked_up":{"minecraft:iron_chestplate":3,"minecraft:wheat":35,"cobblemon:red_apricorn":44,"minecraft:oak_stairs":1,"minecraft:potion":1,"minecraft:amethyst_block":1,"cobblemon:wepear_berry":29,"minecraft:string":5,"minecraft:raw_copper":201,"minecraft:iron_leggings":3,"minecraft:cobbled_deepslate":631,"cobblemon:white_apricorn_seed":2,"cobblemon:oran_berry":47,"minecraft:calcite":1,"minecraft:iron_pickaxe":4,"cobblemon:big_root":13,"cobblemon:quick_ball":38,"minecraft:iron_boots":2,"minecraft:furnace":14,"minecraft:stick":9,"cobblemon:apricorn_log":5,"cobblemon:spell_tag":2,"cobblemon:pc":15,"minecraft:jungle_door":5,"minecraft:oak_fence":8,"minecraft:torch":232,"minecraft:porkchop":9,"cobblemon:nanab_berry":25,"minecraft:diorite":2,"minecraft:stone_sword":4,"minecraft:rotten_flesh":44,"cobblemon:green_mint_seeds":5,"minecraft:obsidian":25,"minecraft:cobblestone":194,"minecraft:birch_log":24,"minecraft:magma_block":6,"cobblemon:great_ball":12,"minecraft:feather":26,"minecraft:cooked_beef":2,"cobblemon:ultra_ball":46,"minecraft:andesite":22,"minecraft:water_bucket":1,"minecraft:jungle_log":16,"cobblemon:pinap_berry":6,"minecraft:potato":7,"minecraft:tuff":2,"cobblemon:bluk_berry":17,"minecraft:stripped_birch_log":7,"minecraft:lapis_lazuli":152,"minecraft:dirt":47,"cobblemon:luxury_ball":1,"minecraft:bone":21,"minecraft:wheat_seeds":72,"cobblemon:black_apricorn":4,"minecraft:raw_gold":68,"minecraft:glowstone_dust":28,"minecraft:rabbit":4,"minecraft:oak_planks":230,"cobblemon:apricorn_planks":30,"minecraft:ghast_tear":1,"cobblemon:sun_stone":2,"minecraft:cooked_porkchop":13,"cobblemon:persim_berry":11,"cobblemon:leppa_berry":2,"cobblemon:healing_machine":6,"minecraft:diamond":34,"minecraft:granite":4,"minecraft:golden_apple":6,"minecraft:bread":11,"cobblemon:medicinal_leek":10,"minecraft:oak_sapling":1,"minecraft:netherrack":3,"cobblemon:green_mint_leaf":6,"minecraft:crafting_table":17,"minecraft:chicken":10,"cobblemon:yellow_apricorn":8,"minecraft:wooden_pickaxe":1,"minecraft:gold_block":1,"gravestone:obituary":1,"minecraft:shield":4,"cobblemon:white_apricorn":24,"minecraft:cracked_stone_bricks":6,"cobblemon:green_apricorn":7,"minecraft:beef":15,"minecraft:player_head":1,"minecraft:poppy":3,"minecraft:chest":1,"minecraft:sugar_cane":47,"cobblemon:green_apricorn_seed":4,"minecraft:egg":13,"minecraft:raw_iron":213,"minecraft:sandstone":1,"minecraft:copper_ingot":32,"cobblemon:vivichoke_seeds":3,"minecraft:carrot":86,"minecraft:redstone":47,"minecraft:arrow":24,"cobblemon:pink_mint_leaf":10,"minecraft:hay_block":20,"minecraft:gold_ingot":12,"minecraft:mutton":21,"minecraft:white_wool":28,"cobblemon:blue_apricorn":19,"minecraft:rail":3,"minecraft:air":0,"minecraft:glow_ink_sac":1,"minecraft:leather":13,"cobblemon:kebia_berry":1,"minecraft:birch_planks":28,"minecraft:oak_log":95,"minecraft:golden_boots":1,"minecraft:gunpowder":2,"minecraft:rabbit_hide":4,"cobblemon:pink_mint_seeds":4,"minecraft:iron_ingot":16,"minecraft:stone_pickaxe":4,"cobblemon:wacan_berry":2,"minecraft:iron_sword":1,"minecraft:verdant_froglight":1,"cobblemon:red_apricorn_seed":2,"minecraft:sweet_berries":2,"cobblemon:blue_apricorn_seed":3,"minecraft:lava_bucket":1,"cobblemon:cheri_berry":38,"cobblemon:yellow_apricorn_seed":5,"minecraft:amethyst_shard":92,"minecraft:blast_furnace":1,"minecraft:white_bed":14,"minecraft:spider_eye":3,"minecraft:stone_axe":4,"minecraft:iron_helmet":1,"minecraft:gray_wool":1,"cobblemon:silk_scarf":2,"minecraft:coal":289},"minecraft:dropped":{"minecraft:birch_planks":8,"minecraft:oak_log":15,"minecraft:glow_ink_sac":1,"minecraft:glass_bottle":1,"minecraft:leather":1,"minecraft:cracked_stone_bricks":6,"cobblemon:luxury_ball":1,"minecraft:rail":2,"minecraft:mutton":5,"gravestone:obituary":7,"minecraft:iron_pickaxe":1,"minecraft:white_wool":12,"minecraft:gold_ingot":12,"cobblemon:red_apricorn":3,"cobblemon:ultra_ball":37,"minecraft:bone":7,"minecraft:sugar_cane":10,"minecraft:cobbled_deepslate":16,"minecraft:wheat":5,"minecraft:rotten_flesh":22,"minecraft:oak_planks":16,"minecraft:enchanted_golden_apple":1,"minecraft:glowstone_dust":56,"minecraft:white_bed":1,"minecraft:carrot":1,"minecraft:poppy":3,"minecraft:gunpowder":2,"minecraft:arrow":3,"minecraft:ghast_tear":1,"minecraft:egg":3,"minecraft:golden_boots":2,"minecraft:wheat_seeds":7,"minecraft:feather":12,"minecraft:cobblestone":1,"minecraft:copper_ingot":31,"minecraft:coal":4,"minecraft:golden_apple":3,"minecraft:stick":8,"minecraft:lava_bucket":1,"minecraft:gray_wool":1,"minecraft:potion":1,"minecraft:iron_leggings":2,"minecraft:oak_stairs":1,"minecraft:string":1,"cobblemon:wepear_berry":4,"minecraft:player_head":1,"minecraft:stone_sword":3,"minecraft:tuff":1,"minecraft:iron_boots":1,"cobblemon:quick_ball":3,"cobblemon:green_mint_seeds":2,"minecraft:shield":2,"cobblemon:healing_machine":2,"minecraft:iron_chestplate":2,"minecraft:andesite":1,"cobblemon:pc":1,"minecraft:spider_eye":3,"minecraft:stone_pickaxe":3,"minecraft:wooden_pickaxe":7,"minecraft:calcite":1}},"DataVersion":3465}