{"stats":{"minecraft:killed":{"minecraft:spider":3,"minecraft:skeleton":11,"minecraft:chicken":3,"minecraft:pig":15,"minecraft:zombie_villager":1,"minecraft:creeper":3,"minecraft:sheep":5,"minecraft:pillager":1,"minecraft:zombie":17,"minecraft:ghast":2,"minecraft:cow":13,"cobblemon:pokemon":4},"minecraft:picked_up":{"minecraft:wheat":3,"cobblemon:red_apricorn":13,"minecraft:amethyst_block":4,"minecraft:string":2,"minecraft:music_disc_cat":1,"minecraft:raw_copper":268,"minecraft:soul_soil":8,"minecraft:iron_leggings":1,"minecraft:smooth_stone":6,"minecraft:cobbled_deepslate":19,"minecraft:bucket":1,"cobblemon:white_apricorn_seed":6,"cobblemon:oran_berry":124,"minecraft:calcite":2,"minecraft:iron_pickaxe":1,"cobblemon:big_root":23,"cobblemon:quick_ball":12,"minecraft:furnace":4,"cobblemon:apricorn_log":10,"minecraft:stick":37,"cobblemon:babiri_berry":1,"minecraft:torch":28,"minecraft:porkchop":31,"minecraft:diorite":34,"minecraft:golden_chestplate":1,"minecraft:stone_sword":1,"minecraft:rotten_flesh":48,"minecraft:honey_bottle":2,"minecraft:cobblestone":335,"minecraft:magma_block":7,"cobblemon:great_ball":5,"minecraft:feather":3,"minecraft:cooked_beef":2,"minecraft:lilac":2,"minecraft:andesite":18,"minecraft:potato":5,"cobblemon:roseate_ball":1,"minecraft:flint":4,"cobblemon:bluk_berry":50,"minecraft:dirt":156,"minecraft:lapis_lazuli":166,"minecraft:name_tag":1,"minecraft:bone":26,"cobblemon:black_apricorn":70,"minecraft:bow":1,"cobblemon:roasted_leek":3,"minecraft:wheat_seeds":43,"minecraft:raw_gold":46,"cobblemon:thunder_stone":6,"minecraft:stone_hoe":1,"minecraft:oak_planks":15,"cobblemon:apricorn_planks":1,"minecraft:ghast_tear":1,"cobblemon:sun_stone":1,"minecraft:music_disc_13":1,"minecraft:sand":7,"cobblemon:persim_berry":40,"cobblemon:leppa_berry":2,"minecraft:diamond":3,"cobblemon:poke_ball":15,"minecraft:crossbow":3,"minecraft:granite":7,"minecraft:golden_apple":5,"minecraft:bread":55,"cobblemon:energy_root":3,"cobblemon:chesto_berry":10,"cobblemon:medicinal_leek":32,"minecraft:netherrack":19,"cobblemon:apricorn_leaves":10,"minecraft:crimson_roots":2,"minecraft:crafting_table":7,"minecraft:azure_bluet":1,"minecraft:chicken":4,"cobblemon:yellow_apricorn":114,"minecraft:wooden_pickaxe":1,"minecraft:shield":4,"minecraft:cornflower":1,"minecraft:iron_axe":1,"cobblemon:white_apricorn":41,"minecraft:iron_shovel":1,"cobblemon:green_apricorn":12,"minecraft:beef":29,"cobblemon:relic_coin":42,"minecraft:poppy":2,"minecraft:light_gray_wool":1,"minecraft:sugar_cane":8,"minecraft:chest":7,"cobblemon:green_apricorn_seed":5,"minecraft:egg":6,"minecraft:raw_iron":83,"minecraft:copper_ingot":8,"minecraft:carrot":71,"cobblemon:citrine_ball":1,"minecraft:redstone":85,"minecraft:iron_horse_armor":1,"minecraft:arrow":13,"minecraft:hay_block":3,"minecraft:mutton":21,"cobblemon:blue_apricorn":74,"minecraft:white_wool":16,"minecraft:oxeye_daisy":1,"minecraft:leather":16,"minecraft:oak_log":24,"minecraft:golden_boots":1,"minecraft:yellow_bed":1,"minecraft:gunpowder":16,"cobblemon:pink_mint_seeds":2,"minecraft:stone_pickaxe":1,"minecraft:iron_ingot":11,"minecraft:soul_sand":10,"cobblemon:red_apricorn_seed":3,"minecraft:smooth_basalt":1,"cobblemon:black_apricorn_seed":9,"minecraft:dandelion":5,"cobblemon:blue_apricorn_seed":8,"cobblemon:cheri_berry":22,"cobblemon:premier_ball":4,"cobblemon:yellow_apricorn_seed":25,"minecraft:amethyst_shard":44,"cobblemon:pink_apricorn":25,"minecraft:white_bed":3,"minecraft:stone_axe":2,"minecraft:iron_helmet":1,"minecraft:baked_potato":2,"minecraft:coal":253},"minecraft:used":{"minecraft:iron_shovel":16,"minecraft:chest":12,"minecraft:shield":54,"minecraft:rotten_flesh":11,"minecraft:soul_sand":10,"minecraft:mutton":9,"minecraft:carrot":84,"minecraft:honey_bottle":2,"cobblemon:apricorn_planks":8,"minecraft:magma_block":6,"minecraft:hay_block":1,"minecraft:furnace":7,"minecraft:egg":2,"minecraft:potato":4,"minecraft:diorite":11,"minecraft:stone_pickaxe":163,"minecraft:oak_planks":4,"minecraft:wooden_pickaxe":3,"cobblemon:roasted_leek":21,"minecraft:golden_apple":3,"cobblemon:yellow_apricorn_seed":23,"minecraft:shears":10,"cobblemon:green_apricorn_seed":5,"minecraft:bread":11,"minecraft:lilac":1,"cobblemon:red_apricorn_seed":3,"cobblemon:medicinal_leek":12,"minecraft:andesite":6,"minecraft:bone_meal":27,"minecraft:golden_pickaxe":57,"cobblemon:bluk_berry":1,"minecraft:flint_and_steel":1,"minecraft:cooked_chicken":2,"minecraft:torch":29,"minecraft:dirt":46,"minecraft:granite":1,"minecraft:iron_axe":142,"minecraft:smooth_basalt":1,"cobblemon:pc":1,"minecraft:beef":11,"minecraft:soul_soil":4,"minecraft:cooked_beef":17,"minecraft:cobbled_deepslate":3,"minecraft:calcite":1,"minecraft:cooked_mutton":4,"minecraft:baked_potato":2,"minecraft:crafting_table":9,"cobblemon:black_apricorn_seed":9,"cobblemon:white_apricorn_seed":5,"minecraft:white_bed":3,"cobblemon:apricorn_leaves":6,"cobblemon:oran_berry":1,"minecraft:chicken":1,"minecraft:iron_pickaxe":340,"minecraft:stone_axe":44,"minecraft:cobblestone":207,"minecraft:porkchop":17,"cobblemon:blue_apricorn_seed":8},"minecraft:custom":{"minecraft:interact_with_crafting_table":49,"minecraft:leave_game":6,"minecraft:time_since_death":191308,"minecraft:sprint_one_cm":1053941,"minecraft:damage_blocked_by_shield":2835,"minecraft:drop":125,"minecraft:talked_to_villager":1,"minecraft:play_time":406111,"minecraft:deaths":3,"minecraft:jump":6635,"minecraft:walk_on_water_one_cm":30164,"minecraft:interact_with_furnace":74,"minecraft:sleep_in_bed":13,"minecraft:damage_dealt":12234,"minecraft:crouch_one_cm":23747,"minecraft:mob_kills":81,"minecraft:walk_one_cm":859630,"minecraft:sneak_time":10462,"minecraft:walk_under_water_one_cm":34945,"minecraft:total_world_time":406111,"minecraft:time_since_rest":90699,"minecraft:damage_taken":4082,"minecraft:damage_absorbed":110,"minecraft:swim_one_cm":191025,"minecraft:fly_one_cm":1324607,"minecraft:open_chest":271,"minecraft:fall_one_cm":176811},"minecraft:killed_by":{"minecraft:creeper":3},"minecraft:crafted":{"minecraft:oak_planks":80,"minecraft:cooked_chicken":2,"cobblemon:apricorn_planks":40,"minecraft:cooked_mutton":4,"minecraft:glass":7,"minecraft:chest":5,"minecraft:cooked_porkchop":13,"minecraft:crafting_table":4,"minecraft:wooden_pickaxe":1,"minecraft:baked_potato":2,"minecraft:iron_helmet":1,"minecraft:copper_ingot":17,"cobblemon:quick_ball":68,"cobblemon:poke_ball":32,"minecraft:shield":1,"minecraft:stick":24,"minecraft:iron_ingot":39,"minecraft:iron_pickaxe":2,"minecraft:gold_ingot":23,"minecraft:shears":1,"cobblemon:exp_share":1,"minecraft:furnace":4,"minecraft:bone_meal":27,"cobblemon:premier_ball":24,"minecraft:flint_and_steel":1,"minecraft:iron_axe":1,"minecraft:stone_pickaxe":3,"cobblemon:citrine_ball":4,"minecraft:cooked_beef":17,"cobblemon:roasted_leek":18,"cobblemon:pc":3,"cobblemon:roseate_ball":4,"minecraft:stone_axe":1,"minecraft:air":0,"minecraft:iron_shovel":1,"minecraft:iron_leggings":1,"minecraft:white_bed":1,"minecraft:torch":16,"cobblemon:ultra_ball":16,"cobblemon:relic_coin_pouch":4},"minecraft:mined":{"minecraft:large_amethyst_bud":1,"minecraft:white_bed":3,"cobblemon:big_root":11,"cobblemon:apricorn_log":10,"minecraft:granite":3,"cobblemon:pink_apricorn":1,"minecraft:grass_block":31,"minecraft:oxeye_daisy":1,"minecraft:spawner":1,"minecraft:magma_block":9,"minecraft:iron_ore":47,"minecraft:azure_bluet":1,"cobblemon:medicinal_leek":19,"cobblemon:white_apricorn_sapling":3,"cobblemon:green_apricorn_sapling":3,"minecraft:dirt_path":1,"minecraft:deepslate_redstone_ore":4,"minecraft:soul_fire":20,"minecraft:amethyst_cluster":7,"cobblemon:apricorn_planks":1,"minecraft:torch":1,"cobblemon:apricorn_leaves":18,"minecraft:poppy":2,"minecraft:calcite":2,"minecraft:chest":7,"cobblemon:energy_root":1,"minecraft:cobblestone":11,"minecraft:sugar_cane":2,"minecraft:wall_torch":2,"minecraft:amethyst_block":4,"minecraft:wheat":11,"minecraft:lilac":1,"cobblemon:persim_berry":1,"minecraft:grass":246,"minecraft:oak_log":19,"cobblemon:thunder_stone_ore":3,"minecraft:sand":7,"minecraft:dirt":9,"minecraft:smooth_basalt":1,"minecraft:netherrack":19,"minecraft:oak_leaves":22,"minecraft:deepslate":18,"minecraft:diamond_ore":1,"minecraft:deepslate_diamond_ore":1,"minecraft:crimson_roots":1,"cobblemon:red_apricorn_sapling":1,"minecraft:hay_block":3,"minecraft:redstone_ore":6,"minecraft:furnace":4,"minecraft:carrots":33,"minecraft:andesite":10,"minecraft:potatoes":1,"minecraft:stone":249,"cobblemon:black_apricorn_sapling":2,"minecraft:dandelion":5,"minecraft:crafting_table":6,"minecraft:cornflower":1,"cobblemon:wepear_berry":1,"minecraft:tall_grass":36,"minecraft:copper_ore":29,"minecraft:lapis_ore":12,"minecraft:deepslate_gold_ore":4,"minecraft:diorite":29,"cobblemon:yellow_apricorn_sapling":4,"minecraft:birch_leaves":5,"minecraft:coal_ore":55,"cobblemon:blue_apricorn_sapling":2,"minecraft:gold_ore":18},"minecraft:broken":{"minecraft:golden_boots":1,"minecraft:stone_axe":1,"minecraft:shield":1,"minecraft:iron_axe":1,"minecraft:iron_pickaxe":1,"minecraft:golden_pickaxe":1},"minecraft:dropped":{"minecraft:porkchop":1,"minecraft:lapis_lazuli":45,"minecraft:baked_potato":2,"minecraft:glass_bottle":1,"cobblemon:sun_stone":1,"minecraft:crafting_table":1,"minecraft:cooked_porkchop":13,"minecraft:crossbow":1,"minecraft:leather":2,"minecraft:flint":3,"minecraft:dirt":5,"cobblemon:poke_ball":13,"minecraft:amethyst_shard":24,"cobblemon:great_ball":5,"minecraft:white_wool":7,"cobblemon:ultra_ball":8,"minecraft:bone":10,"minecraft:stone_axe":1,"minecraft:sugar_cane":5,"minecraft:rotten_flesh":12,"minecraft:oak_planks":9,"cobblemon:white_apricorn_seed":1,"minecraft:gunpowder":2,"minecraft:arrow":4,"minecraft:netherrack":17,"minecraft:egg":2,"minecraft:bread":45,"minecraft:wheat_seeds":13,"minecraft:lilac":1,"minecraft:feather":2,"minecraft:cobblestone":39,"cobblemon:yellow_apricorn_seed":2,"minecraft:granite":1,"minecraft:golden_apple":2,"minecraft:coal":9,"cobblemon:oran_berry":34,"minecraft:stick":4,"minecraft:diorite":7,"minecraft:torch":15,"minecraft:bucket":1,"minecraft:furnace":1,"minecraft:soul_soil":4,"minecraft:raw_copper":68,"minecraft:raw_iron":6,"minecraft:light_gray_wool":1,"cobblemon:quick_ball":36,"cobblemon:apricorn_planks":10,"minecraft:flint_and_steel":1,"minecraft:shield":3,"minecraft:andesite":6,"minecraft:yellow_bed":1,"cobblemon:pc":2,"minecraft:bow":1,"minecraft:stone_pickaxe":2,"minecraft:wooden_pickaxe":1,"minecraft:magma_block":1}},"DataVersion":3465}