{"stats":{"minecraft:killed":{"minecraft:spider":3,"minecraft:skeleton":11,"minecraft:chicken":3,"minecraft:pig":15,"cobblemon:pokemon":3,"minecraft:zombie_villager":1,"minecraft:creeper":3,"minecraft:sheep":5,"minecraft:pillager":1,"minecraft:zombie":17,"minecraft:ghast":2,"minecraft:cow":13},"minecraft:picked_up":{"minecraft:crafting_table":7,"minecraft:wheat":3,"minecraft:azure_bluet":1,"minecraft:chicken":4,"cobblemon:yellow_apricorn":114,"cobblemon:red_apricorn":13,"minecraft:wooden_pickaxe":1,"minecraft:soul_soil":8,"minecraft:shield":4,"minecraft:amethyst_block":4,"minecraft:cornflower":1,"minecraft:music_disc_cat":1,"minecraft:string":2,"minecraft:raw_copper":268,"minecraft:iron_axe":1,"minecraft:iron_leggings":1,"cobblemon:white_apricorn":41,"minecraft:iron_shovel":1,"minecraft:smooth_stone":6,"cobblemon:green_apricorn":12,"minecraft:bucket":1,"cobblemon:white_apricorn_seed":6,"minecraft:beef":29,"cobblemon:oran_berry":124,"cobblemon:relic_coin":42,"minecraft:calcite":2,"minecraft:poppy":2,"minecraft:iron_pickaxe":1,"minecraft:light_gray_wool":1,"cobblemon:big_root":23,"cobblemon:quick_ball":12,"minecraft:sugar_cane":8,"minecraft:chest":7,"cobblemon:green_apricorn_seed":5,"minecraft:egg":6,"minecraft:furnace":4,"minecraft:raw_iron":81,"minecraft:stick":37,"cobblemon:babiri_berry":1,"cobblemon:apricorn_log":10,"minecraft:copper_ingot":8,"minecraft:torch":28,"minecraft:porkchop":31,"minecraft:diorite":16,"cobblemon:citrine_ball":1,"minecraft:carrot":71,"minecraft:redstone":85,"minecraft:golden_chestplate":1,"minecraft:iron_horse_armor":1,"minecraft:stone_sword":1,"minecraft:arrow":13,"minecraft:honey_bottle":1,"minecraft:rotten_flesh":48,"minecraft:hay_block":3,"minecraft:mutton":19,"cobblemon:blue_apricorn":74,"minecraft:white_wool":15,"minecraft:cobblestone":304,"minecraft:oxeye_daisy":1,"minecraft:magma_block":1,"minecraft:lilac":2,"minecraft:cooked_beef":2,"minecraft:feather":3,"cobblemon:great_ball":5,"minecraft:andesite":10,"minecraft:leather":16,"minecraft:potato":5,"cobblemon:roseate_ball":1,"minecraft:flint":4,"minecraft:oak_log":24,"cobblemon:bluk_berry":50,"minecraft:golden_boots":1,"minecraft:yellow_bed":1,"minecraft:gunpowder":16,"minecraft:lapis_lazuli":166,"minecraft:dirt":156,"minecraft:name_tag":1,"minecraft:bone":26,"minecraft:wheat_seeds":43,"minecraft:bow":1,"cobblemon:roasted_leek":3,"cobblemon:black_apricorn":70,"minecraft:raw_gold":46,"minecraft:iron_ingot":11,"minecraft:stone_pickaxe":1,"cobblemon:pink_mint_seeds":2,"cobblemon:thunder_stone":6,"minecraft:soul_sand":10,"minecraft:oak_planks":15,"minecraft:stone_hoe":1,"minecraft:ghast_tear":1,"cobblemon:red_apricorn_seed":3,"cobblemon:sun_stone":1,"minecraft:smooth_basalt":1,"minecraft:music_disc_13":1,"cobblemon:black_apricorn_seed":9,"cobblemon:premier_ball":4,"minecraft:dandelion":5,"cobblemon:blue_apricorn_seed":8,"cobblemon:cheri_berry":22,"minecraft:sand":7,"cobblemon:yellow_apricorn_seed":25,"minecraft:amethyst_shard":44,"cobblemon:persim_berry":40,"cobblemon:pink_apricorn":25,"minecraft:white_bed":3,"cobblemon:leppa_berry":2,"cobblemon:poke_ball":2,"minecraft:stone_axe":2,"minecraft:diamond":2,"cobblemon:apricorn_leaves":10,"minecraft:iron_helmet":1,"minecraft:crossbow":3,"minecraft:granite":7,"minecraft:golden_apple":1,"minecraft:bread":55,"minecraft:baked_potato":2,"cobblemon:medicinal_leek":32,"cobblemon:chesto_berry":4,"minecraft:netherrack":19,"cobblemon:energy_root":3,"minecraft:coal":253,"minecraft:crimson_roots":2},"minecraft:used":{"minecraft:iron_shovel":16,"minecraft:flint_and_steel":1,"minecraft:chest":12,"minecraft:shield":54,"minecraft:cooked_chicken":2,"minecraft:rotten_flesh":11,"minecraft:torch":29,"minecraft:soul_sand":10,"minecraft:dirt":46,"minecraft:mutton":7,"minecraft:carrot":84,"minecraft:granite":1,"minecraft:honey_bottle":2,"minecraft:iron_axe":141,"cobblemon:apricorn_planks":5,"minecraft:smooth_basalt":1,"cobblemon:pc":1,"minecraft:beef":11,"minecraft:hay_block":1,"minecraft:soul_soil":4,"minecraft:furnace":7,"minecraft:egg":2,"minecraft:cooked_beef":13,"minecraft:potato":4,"minecraft:calcite":1,"minecraft:cooked_mutton":4,"minecraft:diorite":2,"minecraft:oak_planks":4,"minecraft:stone_pickaxe":163,"minecraft:baked_potato":2,"minecraft:wooden_pickaxe":3,"cobblemon:roasted_leek":21,"minecraft:crafting_table":9,"cobblemon:black_apricorn_seed":9,"cobblemon:yellow_apricorn_seed":23,"minecraft:white_bed":3,"cobblemon:white_apricorn_seed":5,"minecraft:shears":10,"cobblemon:green_apricorn_seed":5,"cobblemon:apricorn_leaves":6,"minecraft:chicken":1,"minecraft:iron_pickaxe":253,"cobblemon:oran_berry":1,"minecraft:bread":11,"minecraft:lilac":1,"minecraft:stone_axe":44,"minecraft:cobblestone":182,"cobblemon:red_apricorn_seed":3,"cobblemon:medicinal_leek":12,"minecraft:porkchop":17,"minecraft:golden_pickaxe":57,"minecraft:bone_meal":27,"cobblemon:blue_apricorn_seed":8,"cobblemon:bluk_berry":1},"minecraft:custom":{"minecraft:mob_kills":80,"minecraft:interact_with_crafting_table":49,"minecraft:leave_game":6,"minecraft:time_since_death":161308,"minecraft:sprint_one_cm":969299,"minecraft:walk_one_cm":831614,"minecraft:damage_blocked_by_shield":2835,"minecraft:drop":111,"minecraft:talked_to_villager":1,"minecraft:play_time":376111,"minecraft:sneak_time":7103,"minecraft:deaths":3,"minecraft:walk_under_water_one_cm":18243,"minecraft:jump":5933,"minecraft:walk_on_water_one_cm":20276,"minecraft:total_world_time":376111,"minecraft:interact_with_furnace":74,"minecraft:sleep_in_bed":13,"minecraft:time_since_rest":60699,"minecraft:damage_taken":3642,"minecraft:damage_dealt":12034,"minecraft:swim_one_cm":33175,"minecraft:fly_one_cm":1151113,"minecraft:open_chest":266,"minecraft:crouch_one_cm":22329,"minecraft:fall_one_cm":157680},"minecraft:killed_by":{"minecraft:creeper":3},"minecraft:mined":{"minecraft:large_amethyst_bud":1,"minecraft:white_bed":3,"minecraft:deepslate_diamond_ore":1,"cobblemon:apricorn_log":10,"cobblemon:big_root":11,"minecraft:granite":3,"cobblemon:pink_apricorn":1,"minecraft:grass_block":31,"minecraft:crimson_roots":1,"cobblemon:red_apricorn_sapling":1,"minecraft:oxeye_daisy":1,"minecraft:spawner":1,"minecraft:hay_block":3,"minecraft:redstone_ore":6,"minecraft:magma_block":1,"minecraft:furnace":4,"minecraft:carrots":33,"minecraft:iron_ore":45,"minecraft:andesite":2,"minecraft:azure_bluet":1,"cobblemon:medicinal_leek":18,"cobblemon:white_apricorn_sapling":3,"minecraft:potatoes":1,"cobblemon:green_apricorn_sapling":3,"minecraft:dirt_path":1,"minecraft:stone":217,"minecraft:deepslate_redstone_ore":4,"minecraft:soul_fire":20,"cobblemon:black_apricorn_sapling":2,"minecraft:amethyst_cluster":7,"minecraft:dandelion":5,"cobblemon:apricorn_leaves":18,"minecraft:cornflower":1,"minecraft:crafting_table":6,"minecraft:torch":1,"minecraft:calcite":2,"minecraft:poppy":2,"minecraft:chest":7,"cobblemon:wepear_berry":1,"minecraft:copper_ore":29,"minecraft:tall_grass":36,"cobblemon:energy_root":1,"minecraft:cobblestone":11,"minecraft:deepslate_gold_ore":4,"minecraft:lapis_ore":12,"minecraft:sugar_cane":2,"minecraft:diorite":11,"minecraft:wall_torch":2,"minecraft:amethyst_block":4,"cobblemon:yellow_apricorn_sapling":4,"minecraft:wheat":11,"minecraft:lilac":1,"minecraft:birch_leaves":5,"cobblemon:persim_berry":1,"minecraft:grass":244,"minecraft:coal_ore":55,"minecraft:oak_log":19,"cobblemon:thunder_stone_ore":3,"minecraft:dirt":9,"minecraft:sand":7,"minecraft:smooth_basalt":1,"cobblemon:blue_apricorn_sapling":2,"minecraft:gold_ore":18,"minecraft:netherrack":19,"minecraft:oak_leaves":22,"minecraft:deepslate":1},"minecraft:crafted":{"cobblemon:exp_share":1,"minecraft:oak_planks":80,"minecraft:cooked_chicken":2,"cobblemon:apricorn_planks":40,"minecraft:furnace":4,"minecraft:bone_meal":27,"minecraft:flint_and_steel":1,"cobblemon:premier_ball":24,"minecraft:cooked_mutton":4,"minecraft:glass":7,"minecraft:iron_axe":1,"minecraft:stone_pickaxe":3,"minecraft:chest":5,"cobblemon:citrine_ball":4,"minecraft:cooked_beef":17,"cobblemon:roasted_leek":18,"minecraft:cooked_porkchop":13,"minecraft:crafting_table":4,"minecraft:iron_helmet":1,"minecraft:wooden_pickaxe":1,"minecraft:baked_potato":2,"cobblemon:pc":3,"minecraft:copper_ingot":17,"cobblemon:roseate_ball":4,"minecraft:stone_axe":1,"minecraft:air":0,"cobblemon:poke_ball":32,"cobblemon:quick_ball":68,"minecraft:shield":1,"minecraft:stick":24,"minecraft:iron_ingot":39,"minecraft:iron_pickaxe":2,"minecraft:iron_shovel":1,"minecraft:iron_leggings":1,"minecraft:gold_ingot":23,"minecraft:white_bed":1,"cobblemon:ultra_ball":16,"minecraft:torch":16,"minecraft:shears":1,"cobblemon:relic_coin_pouch":4},"minecraft:broken":{"minecraft:golden_boots":1,"minecraft:shield":1,"minecraft:stone_axe":1,"minecraft:iron_pickaxe":1,"minecraft:golden_pickaxe":1},"minecraft:dropped":{"minecraft:bread":45,"minecraft:porkchop":1,"minecraft:wheat_seeds":13,"minecraft:lapis_lazuli":45,"minecraft:lilac":1,"minecraft:baked_potato":2,"minecraft:glass_bottle":1,"cobblemon:sun_stone":1,"minecraft:crafting_table":1,"minecraft:cooked_porkchop":13,"minecraft:crossbow":1,"minecraft:feather":2,"minecraft:cobblestone":39,"cobblemon:yellow_apricorn_seed":2,"minecraft:leather":2,"minecraft:granite":1,"minecraft:coal":9,"cobblemon:oran_berry":34,"minecraft:stick":4,"minecraft:flint":3,"minecraft:dirt":5,"minecraft:diorite":7,"minecraft:torch":15,"minecraft:amethyst_shard":24,"cobblemon:great_ball":5,"minecraft:white_wool":6,"minecraft:bucket":1,"minecraft:bone":10,"minecraft:furnace":1,"minecraft:stone_axe":1,"minecraft:sugar_cane":5,"minecraft:soul_soil":4,"minecraft:raw_copper":68,"minecraft:raw_iron":6,"minecraft:rotten_flesh":12,"minecraft:light_gray_wool":1,"minecraft:oak_planks":9,"cobblemon:quick_ball":36,"minecraft:flint_and_steel":1,"cobblemon:white_apricorn_seed":1,"minecraft:shield":3,"minecraft:gunpowder":2,"minecraft:andesite":6,"minecraft:yellow_bed":1,"cobblemon:pc":2,"minecraft:arrow":4,"minecraft:bow":1,"minecraft:stone_pickaxe":2,"minecraft:wooden_pickaxe":1,"minecraft:magma_block":1,"minecraft:netherrack":17,"minecraft:egg":2}},"DataVersion":3465}