{"stats":{"minecraft:crafted":{"minecraft:smooth_stone":6,"minecraft:oak_planks":476,"minecraft:cobblestone_slab":84,"minecraft:birch_wood":9,"minecraft:cooked_chicken":2,"cobblemon:apricorn_planks":40,"minecraft:stone":10,"sophisticatedbackpacks:crafting_upgrade":1,"minecraft:cooked_mutton":4,"minecraft:warped_planks":8,"sophisticatedbackpacks:smelting_upgrade":1,"minecraft:glass":59,"cobblemon:relic_coin_sack":1,"minecraft:iron_boots":1,"minecraft:chest":19,"minecraft:smoker":2,"minecraft:oak_slab":18,"minecraft:wooden_shovel":2,"sophisticatedbackpacks:backpack":1,"minecraft:cooked_porkchop":13,"minecraft:diamond_axe":1,"minecraft:crafting_table":11,"minecraft:spruce_planks":16,"minecraft:wooden_pickaxe":1,"minecraft:iron_helmet":4,"minecraft:baked_potato":2,"minecraft:copper_ingot":17,"sophisticatedbackpacks:upgrade_base":2,"cobblemon:quick_ball":68,"cobblemon:poke_ball":32,"minecraft:iron_chestplate":1,"minecraft:book":1,"minecraft:paper":3,"minecraft:diamond_pickaxe":1,"minecraft:charcoal":1,"minecraft:shield":4,"minecraft:stick":68,"minecraft:iron_ingot":153,"minecraft:iron_pickaxe":4,"minecraft:gold_ingot":75,"minecraft:shears":1,"cobblemon:exp_share":3,"minecraft:oak_door":6,"minecraft:furnace":11,"minecraft:blast_furnace":2,"minecraft:bone_meal":27,"cobblemon:premier_ball":24,"minecraft:flint_and_steel":1,"minecraft:iron_axe":2,"minecraft:stone_pickaxe":5,"minecraft:cobblestone_wall":6,"minecraft:golden_helmet":1,"sophisticatedbackpacks:iron_backpack":1,"cobblemon:citrine_ball":4,"minecraft:wheat":549,"minecraft:cooked_beef":51,"cobblemon:roasted_leek":18,"minecraft:crimson_planks":64,"minecraft:enchanting_table":1,"minecraft:iron_sword":1,"cobblemon:pc":3,"minecraft:bucket":1,"cobblemon:roseate_ball":4,"minecraft:stone_axe":1,"minecraft:air":0,"minecraft:bread":184,"minecraft:oak_stairs":8,"minecraft:iron_shovel":1,"minecraft:iron_leggings":2,"minecraft:white_bed":2,"minecraft:torch":84,"cobblemon:ultra_ball":64,"cobblemon:relic_coin_pouch":18},"minecraft:used":{"minecraft:shield":192,"minecraft:rotten_flesh":38,"minecraft:chest":34,"minecraft:iron_sword":254,"minecraft:decorated_pot":7,"minecraft:iron_shovel":16,"minecraft:mossy_stone_brick_slab":1,"minecraft:player_head":3,"minecraft:soul_sand":10,"minecraft:mutton":9,"minecraft:carrot":84,"minecraft:obsidian":13,"minecraft:glass":52,"minecraft:honey_bottle":4,"minecraft:lava_bucket":1,"cobblemon:apricorn_planks":21,"minecraft:stone_brick_stairs":1,"minecraft:stone_bricks":1,"minecraft:magma_block":6,"minecraft:hay_block":1,"minecraft:furnace":13,"minecraft:egg":5,"minecraft:oak_planks":295,"minecraft:stone_pickaxe":172,"minecraft:potato":4,"cobblemon:relic_coin_sack":5,"minecraft:diorite":20,"minecraft:blackstone":11,"minecraft:wooden_pickaxe":3,"minecraft:diamond_axe":658,"minecraft:golden_apple":4,"cobblemon:roasted_leek":21,"minecraft:sand":98,"minecraft:blast_furnace":2,"cobblemon:yellow_apricorn_seed":23,"minecraft:shears":10,"waystones:waystone":17,"cobblemon:green_apricorn_seed":5,"minecraft:bread":260,"minecraft:gravel":1,"minecraft:lilac":1,"minecraft:nether_wart_block":15,"cobblemon:red_apricorn_seed":3,"cobblemon:medicinal_leek":12,"minecraft:andesite":7,"cobblemon:bluk_berry":1,"minecraft:golden_pickaxe":57,"minecraft:bone_meal":27,"minecraft:enchanting_table":1,"minecraft:flint_and_steel":1,"minecraft:stone_shovel":7,"minecraft:spruce_planks":1,"minecraft:cooked_salmon":6,"minecraft:wooden_shovel":94,"minecraft:cooked_chicken":2,"minecraft:netherrack":279,"minecraft:oak_door":6,"minecraft:torch":152,"minecraft:dirt":599,"minecraft:cobblestone_wall":8,"minecraft:polished_diorite":1,"minecraft:granite":1,"minecraft:spruce_fence":1,"minecraft:iron_axe":294,"minecraft:oak_stairs":13,"minecraft:crimson_planks":53,"minecraft:smooth_basalt":1,"cobblemon:pc":18,"minecraft:beef":15,"minecraft:soul_soil":4,"minecraft:cooked_beef":51,"minecraft:calcite":1,"minecraft:cobbled_deepslate":108,"minecraft:cooked_mutton":21,"minecraft:water_bucket":132,"minecraft:polished_andesite":1,"minecraft:baked_potato":2,"minecraft:cobblestone_slab":97,"minecraft:cracked_stone_bricks":6,"cobblemon:black_apricorn_seed":9,"minecraft:oak_slab":47,"minecraft:crafting_table":23,"cobblemon:white_apricorn_seed":5,"minecraft:white_bed":9,"cobblemon:healing_machine":15,"minecraft:smoker":2,"minecraft:oak_log":19,"cobblemon:apricorn_leaves":6,"minecraft:diamond_pickaxe":772,"minecraft:apple":1,"minecraft:diamond_shovel":445,"minecraft:chicken":1,"cobblemon:oran_berry":1,"minecraft:iron_pickaxe":1160,"minecraft:stone_axe":44,"minecraft:cobblestone":839,"minecraft:potion":1,"cobblemon:fossil_analyzer":1,"minecraft:porkchop":17,"minecraft:bucket":134,"minecraft:dandelion":1,"cobblemon:blue_apricorn_seed":8},"minecraft:picked_up":{"cobblemon:remedy":1,"cobblemon:leaf_stone":2,"minecraft:wheat":3,"cobblemon:red_apricorn":15,"minecraft:stone_slab":1,"minecraft:oak_stairs":5,"minecraft:stone_brick_stairs":1,"minecraft:crimson_planks":9,"minecraft:golden_sword":2,"minecraft:amethyst_block":21,"minecraft:music_disc_cat":1,"cobblemon:wepear_berry":3,"minecraft:string":28,"minecraft:soul_soil":8,"minecraft:raw_copper":268,"minecraft:cooked_salmon":3,"cobblemon:burn_heal":1,"minecraft:iron_leggings":1,"minecraft:smooth_stone":6,"minecraft:gold_nugget":11,"minecraft:cobbled_deepslate":115,"minecraft:bucket":1,"cobblemon:exp_candy_s":8,"cobblemon:white_apricorn_seed":6,"minecraft:spruce_planks":3,"cobblemon:oran_berry":128,"minecraft:cobblestone_slab":13,"minecraft:calcite":18,"minecraft:iron_pickaxe":1,"cobblemon:big_root":23,"cobblemon:quick_ball":28,"minecraft:furnace":11,"minecraft:golden_helmet":2,"minecraft:stick":40,"cobblemon:babiri_berry":1,"cobblemon:apricorn_log":10,"cobblemon:spell_tag":1,"cobblemon:pc":17,"minecraft:torch":65,"minecraft:porkchop":33,"minecraft:diorite":36,"minecraft:golden_chestplate":4,"minecraft:rabbit_foot":2,"minecraft:stone_sword":1,"minecraft:honey_bottle":3,"minecraft:rotten_flesh":188,"cobblemon:ancient_great_ball":3,"minecraft:obsidian":14,"minecraft:cobblestone":1115,"cobblemon:normal_gem":1,"minecraft:birch_log":12,"cobblemon:ultra_ball":6,"minecraft:magma_block":8,"minecraft:cooked_beef":2,"cobblemon:great_ball":5,"minecraft:feather":8,"minecraft:lilac":2,"minecraft:andesite":35,"minecraft:brown_wool":16,"cobblemon:guard_spec":1,"minecraft:smoker":2,"minecraft:potato":6,"cobblemon:roseate_ball":1,"minecraft:flint":5,"cobblemon:dragon_gem":2,"minecraft:tuff":9,"cobblemon:bluk_berry":51,"minecraft:lapis_lazuli":166,"minecraft:dirt":735,"minecraft:name_tag":1,"minecraft:leather_boots":2,"minecraft:bone":54,"cobblemon:black_apricorn":72,"minecraft:bow":3,"cobblemon:roasted_leek":3,"minecraft:wheat_seeds":126,"minecraft:raw_gold":98,"cobblemon:thunder_stone":6,"minecraft:rabbit":10,"minecraft:stone_hoe":1,"minecraft:oak_planks":97,"cobblemon:apricorn_planks":1,"minecraft:ghast_tear":2,"cobblemon:sun_stone":1,"cobblemon:rare_candy":4,"minecraft:music_disc_13":1,"cobblemon:fossil_analyzer":1,"minecraft:sand":174,"cobblemon:persim_berry":40,"cobblemon:leppa_berry":2,"cobblemon:exp_candy_l":1,"cobblemon:healing_machine":24,"minecraft:polished_andesite":1,"minecraft:diamond":20,"cobblemon:poke_ball":23,"cobblemon:quick_claw":1,"waystones:waystone":22,"minecraft:cracked_polished_blackstone_bricks":2,"minecraft:crossbow":3,"minecraft:granite":11,"minecraft:golden_apple":5,"minecraft:bread":57,"cobblemon:medicinal_leek":35,"cobblemon:chesto_berry":10,"minecraft:oak_sapling":6,"minecraft:netherrack":186,"cobblemon:apricorn_leaves":10,"cobblemon:energy_root":7,"minecraft:crimson_roots":2,"minecraft:diamond_pickaxe":1,"minecraft:cocoa_beans":2,"cobblemon:green_mint_leaf":12,"minecraft:crafting_table":15,"minecraft:azure_bluet":2,"minecraft:chicken":11,"cobblemon:yellow_apricorn":115,"minecraft:leather_leggings":1,"minecraft:wooden_pickaxe":1,"minecraft:gold_block":1,"gravestone:obituary":8,"minecraft:shield":4,"minecraft:cornflower":2,"cobblemon:revival_herb":1,"minecraft:iron_axe":1,"cobblemon:white_apricorn":41,"minecraft:iron_shovel":2,"minecraft:blackstone":12,"cobblemon:link_cable":1,"minecraft:cracked_stone_bricks":9,"cobblemon:green_apricorn":26,"minecraft:beef":69,"cobblemon:relic_coin":255,"minecraft:player_head":4,"minecraft:poppy":5,"minecraft:light_gray_wool":1,"minecraft:sugar_cane":13,"minecraft:chest":17,"cobblemon:green_apricorn_seed":5,"cobblemon:chople_berry":3,"minecraft:egg":12,"minecraft:dark_oak_sapling":2,"minecraft:raw_iron":291,"minecraft:oak_door":3,"minecraft:copper_ingot":8,"minecraft:spruce_fence":1,"minecraft:polished_blackstone_bricks":1,"cobblemon:rawst_berry":1,"minecraft:carrot":72,"cobblemon:citrine_ball":1,"minecraft:redstone":89,"minecraft:iron_horse_armor":1,"cobblemon:razor_fang":1,"minecraft:arrow":38,"minecraft:stone_shovel":2,"minecraft:decorated_pot":11,"cobblemon:pink_mint_leaf":5,"minecraft:nether_bricks":1,"cobblemon:iron_ball":1,"minecraft:hay_block":3,"cobblemon:black_augurite":1,"minecraft:gold_ingot":7,"sophisticatedbackpacks:copper_backpack":4,"cobblemon:air_balloon":1,"cobblemon:blue_apricorn":90,"minecraft:rail":3,"minecraft:mutton":40,"minecraft:white_wool":38,"minecraft:oxeye_daisy":2,"minecraft:stripped_oak_log":4,"minecraft:air":0,"minecraft:crimson_stem":16,"cobblemon:relic_coin_sack":6,"minecraft:leather":33,"minecraft:crimson_fungus":1,"minecraft:oak_log":165,"minecraft:nether_wart_block":18,"minecraft:cobblestone_wall":3,"minecraft:golden_boots":1,"minecraft:yellow_bed":1,"minecraft:gunpowder":29,"minecraft:cobblestone_stairs":2,"cobblemon:heal_ball":2,"minecraft:apple":1,"minecraft:stone_bricks":1,"cobblemon:rock_gem":1,"cobblemon:protein":2,"minecraft:warped_stem":2,"minecraft:rabbit_hide":12,"minecraft:iron_ingot":12,"minecraft:stone_pickaxe":3,"cobblemon:pink_mint_seeds":2,"minecraft:glass_bottle":1,"minecraft:soul_sand":10,"minecraft:iron_sword":1,"cobbledex:cobbledex_item":2,"cobblemon:chilan_berry":4,"cobblemon:red_apricorn_seed":4,"minecraft:oak_slab":30,"cobblemon:exp_candy_xs":11,"minecraft:smooth_basalt":9,"minecraft:sweet_berries":5,"cobblemon:black_apricorn_seed":9,"minecraft:dandelion":21,"minecraft:quartz":2,"cobblemon:awakening":1,"cobblemon:blue_apricorn_seed":9,"minecraft:gravel":3,"cobblemon:cheri_berry":22,"cobblemon:premier_ball":4,"cobblemon:yellow_apricorn_seed":25,"minecraft:amethyst_shard":44,"cobblemon:pink_apricorn":25,"minecraft:blast_furnace":2,"minecraft:white_bed":9,"minecraft:spruce_log":12,"minecraft:crying_obsidian":1,"minecraft:mossy_stone_brick_slab":1,"minecraft:spider_eye":9,"minecraft:slime_ball":1,"minecraft:polished_diorite":1,"minecraft:stone_axe":2,"cobblemon:flame_orb":1,"minecraft:iron_helmet":1,"minecraft:diamond_axe":1,"minecraft:warped_roots":1,"minecraft:baked_potato":2,"cobblemon:water_stone":2,"minecraft:black_wool":1,"minecraft:melon_seeds":2,"minecraft:warped_nylium":1,"minecraft:coal":331,"minecraft:ender_pearl":2},"minecraft:custom":{"minecraft:interact_with_crafting_table":114,"minecraft:open_barrel":8,"minecraft:leave_game":41,"minecraft:time_since_death":33145,"minecraft:sprint_one_cm":3497298,"minecraft:damage_blocked_by_shield":10995,"minecraft:drop":404,"minecraft:talked_to_villager":10,"minecraft:play_time":2146902,"minecraft:deaths":28,"minecraft:jump":18516,"minecraft:walk_on_water_one_cm":143742,"minecraft:enchant_item":7,"minecraft:interact_with_furnace":135,"minecraft:sleep_in_bed":51,"minecraft:waystone_activated":24,"minecraft:damage_dealt":65208,"minecraft:crouch_one_cm":113736,"minecraft:interact_with_smoker":13,"minecraft:mob_kills":335,"minecraft:damage_dealt_resisted":444,"minecraft:climb_one_cm":7068,"minecraft:walk_one_cm":2886449,"minecraft:damage_dealt_absorbed":80,"minecraft:sneak_time":49518,"minecraft:walk_under_water_one_cm":115064,"minecraft:interact_with_blast_furnace":17,"minecraft:total_world_time":2146902,"minecraft:time_since_rest":24878,"minecraft:damage_taken":24668,"minecraft:damage_absorbed":142,"minecraft:swim_one_cm":348732,"minecraft:fly_one_cm":3572129,"minecraft:open_chest":689,"minecraft:fall_one_cm":535459},"minecraft:killed_by":{"minecraft:zombified_piglin":1,"minecraft:wither_skeleton":1,"minecraft:creeper":3,"minecraft:piglin":1,"minecraft:zombie":4,"minecraft:enderman":2,"minecraft:iron_golem":1,"minecraft:hoglin":2,"minecraft:skeleton":1},"minecraft:broken":{"minecraft:golden_helmet":2,"minecraft:golden_boots":2,"minecraft:wooden_shovel":1,"minecraft:iron_boots":1,"minecraft:iron_chestplate":1,"minecraft:iron_leggings":1,"minecraft:stone_axe":1,"minecraft:iron_sword":1,"minecraft:golden_chestplate":1,"minecraft:shield":3,"minecraft:iron_axe":2,"minecraft:iron_pickaxe":4,"minecraft:iron_helmet":1,"minecraft:golden_pickaxe":1},"minecraft:mined":{"minecraft:large_amethyst_bud":1,"minecraft:spruce_planks":1,"minecraft:white_bed":8,"minecraft:obsidian":12,"cobblemon:big_root":11,"minecraft:mossy_stone_brick_slab":1,"minecraft:cobblestone_stairs":1,"cobblemon:pc":19,"cobblemon:apricorn_log":10,"cobblemon:pink_apricorn":1,"minecraft:granite":6,"minecraft:budding_amethyst":1,"minecraft:grass_block":499,"minecraft:cracked_polished_blackstone_bricks":2,"minecraft:polished_diorite":1,"minecraft:crimson_fungus":1,"minecraft:oxeye_daisy":2,"minecraft:weeping_vines_plant":1,"minecraft:spawner":2,"minecraft:gilded_blackstone":1,"minecraft:tall_seagrass":1,"minecraft:polished_blackstone_bricks":3,"minecraft:magma_block":9,"minecraft:iron_ore":224,"minecraft:barrel":1,"minecraft:fire":12,"minecraft:cobbled_deepslate":21,"minecraft:azure_bluet":3,"cobblemon:medicinal_leek":23,"cobblemon:white_apricorn_sapling":3,"cobblemon:green_apricorn_sapling":3,"minecraft:dirt_path":1,"minecraft:oak_stairs":5,"minecraft:player_head":3,"cobblemon:water_stone_ore":2,"minecraft:tripwire":2,"minecraft:deepslate_redstone_ore":4,"minecraft:soul_fire":20,"minecraft:amethyst_cluster":7,"minecraft:brown_mushroom":5,"minecraft:crimson_nylium":2,"minecraft:blackstone":14,"minecraft:smoker":2,"cobblemon:leaf_stone_ore":2,"minecraft:powder_snow":15,"cobblemon:apricorn_planks":1,"cobblemon:apricorn_leaves":22,"minecraft:torch":5,"minecraft:blast_furnace":2,"minecraft:calcite":11,"minecraft:poppy":5,"minecraft:chest":19,"minecraft:glass":1,"minecraft:nether_quartz_ore":2,"cobblemon:energy_root":1,"minecraft:cobblestone":193,"minecraft:oak_planks":81,"minecraft:sugar_cane":4,"minecraft:wall_torch":20,"minecraft:amethyst_block":21,"cobblemon:green_mint":1,"cobblemon:bluk_berry":1,"minecraft:nether_wart_block":18,"minecraft:birch_log":12,"minecraft:wheat":11,"minecraft:lilac":1,"cobblemon:persim_berry":1,"minecraft:stone_brick_stairs":1,"minecraft:grass":803,"minecraft:oak_log":162,"cobblemon:thunder_stone_ore":3,"minecraft:sand":176,"minecraft:dirt":57,"minecraft:crimson_planks":20,"minecraft:smooth_basalt":9,"minecraft:tripwire_hook":1,"minecraft:dispenser":1,"minecraft:netherrack":172,"minecraft:oak_leaves":41,"minecraft:deepslate":82,"minecraft:suspicious_gravel":3,"cobblemon:healing_machine":24,"minecraft:crying_obsidian":1,"minecraft:diamond_ore":8,"minecraft:tuff":9,"minecraft:dark_oak_leaves":15,"minecraft:deepslate_diamond_ore":10,"minecraft:oak_door":3,"minecraft:nether_bricks":1,"minecraft:glow_lichen":1,"gravestone:gravestone":21,"minecraft:spruce_fence":1,"minecraft:decorated_pot":9,"minecraft:crimson_roots":2,"minecraft:brown_mushroom_block":1,"cobblemon:red_apricorn_sapling":1,"cobblemon:fossil_analyzer":1,"minecraft:crimson_stem":16,"minecraft:hay_block":3,"minecraft:large_fern":4,"minecraft:redstone_ore":7,"minecraft:furnace":11,"minecraft:carrots":33,"minecraft:andesite":24,"minecraft:gold_block":1,"minecraft:potatoes":1,"minecraft:deepslate_iron_ore":35,"minecraft:cobblestone_slab":12,"minecraft:warped_stem":3,"minecraft:stripped_oak_log":4,"minecraft:stone":850,"minecraft:white_wool":1,"minecraft:podzol":5,"minecraft:oak_slab":29,"cobblemon:black_apricorn_sapling":2,"minecraft:dandelion":14,"minecraft:crafting_table":14,"minecraft:cornflower":2,"cobblemon:wepear_berry":1,"minecraft:copper_ore":29,"minecraft:stone_slab":2,"minecraft:tall_grass":43,"minecraft:lapis_ore":12,"minecraft:deepslate_gold_ore":48,"cobblemon:relic_coin_sack":5,"minecraft:diorite":31,"cobblemon:relic_coin_pouch":4,"cobblemon:yellow_apricorn_sapling":4,"minecraft:cobblestone_wall":3,"minecraft:sweet_berry_bush":4,"minecraft:birch_leaves":6,"minecraft:spruce_log":12,"minecraft:coal_ore":96,"minecraft:gravel":9,"minecraft:cracked_stone_bricks":10,"minecraft:polished_andesite":1,"cobblemon:blue_apricorn_sapling":2,"minecraft:stone_bricks":1,"minecraft:mossy_stone_bricks":2,"minecraft:gold_ore":26,"minecraft:iron_trapdoor":1,"minecraft:fern":2},"minecraft:dropped":{"minecraft:iron_sword":1,"minecraft:porkchop":3,"minecraft:diamond_axe":1,"minecraft:lapis_lazuli":45,"cobblemon:pink_mint_seeds":3,"cobblemon:rock_gem":1,"minecraft:baked_potato":2,"cobblemon:blue_apricorn":16,"cobblemon:red_apricorn_seed":1,"cobblemon:protein":2,"minecraft:glass_bottle":4,"minecraft:diamond":1,"cobblemon:sun_stone":1,"minecraft:crafting_table":1,"minecraft:dark_oak_sapling":2,"minecraft:cooked_porkchop":13,"minecraft:decorated_pot":3,"minecraft:crossbow":1,"minecraft:warped_roots":1,"minecraft:leather":2,"minecraft:cracked_stone_bricks":3,"cobblemon:vivichoke_seeds":8,"minecraft:cobblestone_stairs":2,"minecraft:flint":7,"minecraft:cracked_polished_blackstone_bricks":2,"minecraft:dirt":19,"cobblemon:relic_coin_sack":2,"cobblemon:poke_ball":13,"cobblemon:green_mint_leaf":18,"cobblemon:green_apricorn":14,"gravestone:obituary":31,"minecraft:gold_nugget":11,"minecraft:amethyst_shard":24,"minecraft:polished_blackstone_bricks":1,"cobblemon:great_ball":5,"minecraft:white_wool":7,"cobblemon:ultra_ball":8,"cobblemon:red_apricorn":2,"minecraft:gold_ingot":6,"minecraft:bone":20,"minecraft:oak_door":2,"minecraft:gravel":2,"minecraft:crimson_fungus":1,"minecraft:stone_axe":1,"minecraft:blackstone":1,"minecraft:sugar_cane":5,"cobblemon:rare_candy":3,"minecraft:golden_chestplate":3,"minecraft:cobbled_deepslate":7,"cobblemon:pink_mint_leaf":10,"minecraft:obsidian":3,"minecraft:rotten_flesh":74,"minecraft:oak_planks":10,"cobblemon:black_apricorn":2,"minecraft:warped_planks":8,"cobblemon:babiri_berry":1,"cobblemon:white_apricorn_seed":2,"minecraft:gunpowder":3,"cobblemon:rawst_berry":1,"minecraft:melon_seeds":2,"cobblemon:revival_herb":1,"minecraft:leather_boots":2,"cobblemon:dragon_gem":2,"minecraft:leather_leggings":1,"minecraft:arrow":11,"minecraft:beef":3,"minecraft:crying_obsidian":1,"minecraft:quartz":2,"minecraft:netherrack":20,"minecraft:egg":3,"minecraft:bread":48,"minecraft:wheat_seeds":54,"minecraft:golden_helmet":3,"minecraft:lilac":1,"cobblemon:relic_coin_pouch":9,"minecraft:feather":2,"minecraft:cobblestone":48,"cobblemon:yellow_apricorn_seed":2,"minecraft:amethyst_block":17,"minecraft:granite":5,"minecraft:coal":9,"minecraft:golden_apple":2,"cobblemon:oran_berry":35,"minecraft:stick":7,"cobbledex:cobbledex_item":1,"minecraft:diorite":9,"minecraft:torch":15,"cobblemon:exp_candy_s":8,"minecraft:nether_wart_block":3,"minecraft:brown_wool":9,"minecraft:cooked_salmon":3,"cobblemon:normal_gem":1,"minecraft:string":7,"minecraft:bucket":1,"minecraft:dandelion":5,"minecraft:smooth_basalt":8,"cobblemon:relic_coin":281,"minecraft:furnace":3,"minecraft:sweet_berries":5,"cobblemon:wepear_berry":3,"minecraft:warped_nylium":1,"minecraft:soul_soil":4,"minecraft:player_head":1,"minecraft:cocoa_beans":2,"minecraft:raw_copper":68,"minecraft:tuff":9,"minecraft:raw_iron":6,"minecraft:stone_shovel":4,"minecraft:chicken":2,"cobblemon:yellow_apricorn":1,"minecraft:light_gray_wool":1,"cobblemon:quick_ball":52,"cobblemon:apricorn_planks":10,"minecraft:stone_slab":1,"minecraft:nether_bricks":1,"minecraft:shears":1,"minecraft:flint_and_steel":2,"cobblemon:green_mint_seeds":3,"cobblemon:exp_candy_xs":7,"cobblemon:chople_berry":2,"minecraft:shield":3,"cobblemon:remedy":1,"minecraft:spruce_planks":4,"minecraft:diamond_pickaxe":1,"minecraft:andesite":24,"minecraft:yellow_bed":1,"cobblemon:energy_root":6,"cobblemon:pc":2,"minecraft:oak_boat":1,"minecraft:oak_sapling":3,"minecraft:wooden_shovel":1,"minecraft:golden_sword":2,"minecraft:spider_eye":7,"minecraft:spruce_log":8,"minecraft:bow":1,"sophisticatedbackpacks:copper_backpack":1,"minecraft:stone_pickaxe":7,"minecraft:wooden_pickaxe":1,"minecraft:calcite":16,"minecraft:magma_block":2,"minecraft:black_wool":1},"minecraft:killed":{"minecraft:zombified_piglin":34,"minecraft:witch":1,"minecraft:spider":19,"minecraft:skeleton":37,"minecraft:chicken":3,"minecraft:piglin":7,"minecraft:pig":16,"minecraft:zombie_villager":2,"minecraft:creeper":11,"minecraft:sheep":7,"minecraft:pillager":1,"minecraft:zombie":132,"minecraft:ghast":9,"minecraft:cow":14,"cobblemon:pokemon":30,"minecraft:enderman":2}},"DataVersion":3465}