{"stats":{"minecraft:used":{"minecraft:shield":24,"minecraft:chest":11,"minecraft:rotten_flesh":4,"minecraft:torch":29,"minecraft:dirt":43,"minecraft:mutton":2,"minecraft:carrot":16,"minecraft:granite":1,"minecraft:iron_axe":47,"minecraft:beef":6,"minecraft:hay_block":1,"minecraft:furnace":5,"minecraft:potato":1,"minecraft:cooked_beef":3,"minecraft:stone_pickaxe":163,"minecraft:wooden_pickaxe":3,"cobblemon:roasted_leek":11,"minecraft:crafting_table":9,"cobblemon:black_apricorn_seed":1,"cobblemon:yellow_apricorn_seed":5,"cobblemon:white_apricorn_seed":1,"minecraft:white_bed":3,"cobblemon:green_apricorn_seed":1,"minecraft:chicken":1,"minecraft:bread":11,"minecraft:iron_pickaxe":163,"minecraft:lilac":1,"minecraft:stone_axe":44,"minecraft:cobblestone":91,"cobblemon:medicinal_leek":12,"minecraft:porkchop":14,"cobblemon:blue_apricorn_seed":2,"minecraft:bone_meal":15,"minecraft:golden_pickaxe":57},"minecraft:killed":{"minecraft:spider":1,"minecraft:skeleton":5,"minecraft:chicken":3,"minecraft:pig":8,"cobblemon:pokemon":1,"minecraft:zombie_villager":1,"minecraft:creeper":2,"minecraft:sheep":4,"minecraft:pillager":1,"minecraft:zombie":5,"minecraft:cow":7},"minecraft:mined":{"minecraft:white_bed":3,"minecraft:deepslate_diamond_ore":1,"cobblemon:apricorn_log":10,"cobblemon:big_root":8,"minecraft:granite":3,"cobblemon:pink_apricorn":1,"minecraft:grass_block":15,"minecraft:spawner":1,"minecraft:hay_block":3,"minecraft:magma_block":1,"minecraft:redstone_ore":6,"minecraft:furnace":4,"minecraft:carrots":7,"minecraft:iron_ore":42,"minecraft:andesite":2,"cobblemon:medicinal_leek":18,"minecraft:potatoes":1,"minecraft:dirt_path":1,"minecraft:stone":158,"minecraft:crafting_table":6,"minecraft:torch":1,"cobblemon:apricorn_leaves":8,"minecraft:chest":7,"cobblemon:wepear_berry":1,"minecraft:cobblestone":7,"minecraft:copper_ore":29,"minecraft:tall_grass":31,"minecraft:lapis_ore":12,"minecraft:deepslate_gold_ore":4,"minecraft:sugar_cane":2,"minecraft:diorite":9,"minecraft:wall_torch":2,"minecraft:lilac":1,"minecraft:birch_leaves":5,"cobblemon:persim_berry":1,"minecraft:grass":201,"minecraft:coal_ore":55,"minecraft:oak_log":19,"cobblemon:thunder_stone_ore":3,"minecraft:dirt":5,"minecraft:netherrack":19,"minecraft:gold_ore":18,"minecraft:oak_leaves":22,"minecraft:deepslate":1},"minecraft:crafted":{"minecraft:oak_planks":80,"minecraft:furnace":2,"minecraft:bone_meal":15,"minecraft:iron_axe":1,"minecraft:stone_pickaxe":3,"minecraft:chest":4,"cobblemon:citrine_ball":4,"minecraft:cooked_beef":3,"cobblemon:roasted_leek":8,"minecraft:crafting_table":4,"minecraft:wooden_pickaxe":1,"minecraft:copper_ingot":3,"cobblemon:roseate_ball":4,"minecraft:stone_axe":1,"minecraft:air":0,"cobblemon:quick_ball":24,"minecraft:shield":1,"minecraft:stick":20,"minecraft:iron_ingot":39,"minecraft:iron_pickaxe":1,"minecraft:gold_ingot":23,"minecraft:white_bed":1,"minecraft:torch":16,"cobblemon:relic_coin_pouch":4},"minecraft:dropped":{"minecraft:bread":45,"minecraft:wheat_seeds":6,"minecraft:lapis_lazuli":45,"minecraft:lilac":1,"cobblemon:sun_stone":1,"minecraft:crafting_table":1,"minecraft:crossbow":1,"minecraft:feather":2,"minecraft:cobblestone":39,"cobblemon:yellow_apricorn_seed":2,"minecraft:leather":1,"minecraft:granite":1,"minecraft:coal":8,"minecraft:stick":4,"minecraft:dirt":5,"minecraft:diorite":7,"minecraft:torch":15,"minecraft:white_wool":1,"minecraft:bucket":1,"minecraft:bone":6,"minecraft:furnace":1,"minecraft:stone_axe":1,"minecraft:sugar_cane":5,"minecraft:raw_copper":68,"minecraft:raw_iron":6,"minecraft:rotten_flesh":11,"minecraft:light_gray_wool":1,"minecraft:oak_planks":9,"cobblemon:quick_ball":10,"minecraft:flint_and_steel":1,"cobblemon:white_apricorn_seed":1,"minecraft:shield":3,"minecraft:gunpowder":2,"minecraft:andesite":6,"minecraft:yellow_bed":1,"minecraft:arrow":3,"minecraft:wooden_pickaxe":1,"minecraft:stone_pickaxe":2,"minecraft:magma_block":1,"minecraft:netherrack":17},"minecraft:custom":{"minecraft:mob_kills":40,"minecraft:interact_with_crafting_table":28,"minecraft:leave_game":5,"minecraft:time_since_death":155267,"minecraft:sprint_one_cm":493067,"minecraft:walk_one_cm":409684,"minecraft:damage_blocked_by_shield":1395,"minecraft:drop":75,"minecraft:play_time":161143,"minecraft:deaths":2,"minecraft:sneak_time":5295,"minecraft:walk_under_water_one_cm":8650,"minecraft:jump":2563,"minecraft:walk_on_water_one_cm":10793,"minecraft:total_world_time":161143,"minecraft:interact_with_furnace":25,"minecraft:sleep_in_bed":6,"minecraft:time_since_rest":35957,"minecraft:damage_taken":1658,"minecraft:damage_dealt":5619,"minecraft:swim_one_cm":26137,"minecraft:fly_one_cm":498315,"minecraft:open_chest":110,"minecraft:crouch_one_cm":17498,"minecraft:fall_one_cm":58944},"minecraft:broken":{"minecraft:stone_axe":1,"minecraft:golden_pickaxe":1},"minecraft:killed_by":{"minecraft:creeper":2},"minecraft:picked_up":{"minecraft:crafting_table":7,"minecraft:chicken":4,"cobblemon:yellow_apricorn":32,"minecraft:wooden_pickaxe":1,"minecraft:shield":3,"minecraft:music_disc_cat":1,"minecraft:string":2,"minecraft:raw_copper":268,"cobblemon:white_apricorn":15,"cobblemon:green_apricorn":5,"minecraft:bucket":1,"cobblemon:white_apricorn_seed":2,"minecraft:beef":13,"cobblemon:oran_berry":46,"cobblemon:relic_coin":42,"minecraft:light_gray_wool":1,"cobblemon:big_root":20,"cobblemon:quick_ball":5,"minecraft:sugar_cane":5,"minecraft:chest":7,"cobblemon:green_apricorn_seed":1,"minecraft:egg":2,"minecraft:furnace":4,"minecraft:stick":31,"minecraft:raw_iron":78,"cobblemon:apricorn_log":10,"minecraft:copper_ingot":3,"minecraft:torch":28,"minecraft:porkchop":14,"minecraft:diorite":14,"minecraft:carrot":27,"cobblemon:citrine_ball":1,"minecraft:redstone":68,"minecraft:iron_horse_armor":1,"minecraft:stone_sword":1,"minecraft:arrow":8,"minecraft:rotten_flesh":31,"minecraft:hay_block":3,"minecraft:mutton":8,"cobblemon:blue_apricorn":41,"minecraft:white_wool":4,"minecraft:cobblestone":197,"minecraft:magma_block":1,"minecraft:lilac":2,"minecraft:feather":3,"minecraft:cooked_beef":1,"minecraft:andesite":10,"minecraft:leather":8,"minecraft:potato":4,"cobblemon:roseate_ball":1,"cobblemon:bluk_berry":28,"minecraft:oak_log":24,"minecraft:yellow_bed":1,"minecraft:gunpowder":9,"minecraft:lapis_lazuli":166,"minecraft:dirt":119,"minecraft:name_tag":1,"minecraft:bone":19,"cobblemon:black_apricorn":14,"cobblemon:roasted_leek":3,"minecraft:wheat_seeds":16,"minecraft:raw_gold":46,"minecraft:iron_ingot":5,"minecraft:stone_pickaxe":1,"cobblemon:thunder_stone":6,"minecraft:oak_planks":9,"minecraft:stone_hoe":1,"cobblemon:sun_stone":1,"minecraft:music_disc_13":1,"cobblemon:black_apricorn_seed":1,"cobblemon:blue_apricorn_seed":2,"cobblemon:cheri_berry":13,"cobblemon:yellow_apricorn_seed":7,"cobblemon:persim_berry":40,"cobblemon:pink_apricorn":25,"minecraft:white_bed":3,"cobblemon:leppa_berry":2,"minecraft:diamond":2,"minecraft:stone_axe":2,"minecraft:crossbow":3,"minecraft:granite":7,"cobblemon:chesto_berry":4,"minecraft:bread":55,"minecraft:coal":252,"cobblemon:medicinal_leek":32,"minecraft:netherrack":19,"cobblemon:energy_root":2}},"DataVersion":3465}