{"stats":{"minecraft:used":{"minecraft:iron_shovel":16,"minecraft:shield":53,"minecraft:chest":12,"minecraft:cooked_chicken":2,"minecraft:rotten_flesh":9,"minecraft:torch":29,"minecraft:dirt":46,"minecraft:mutton":7,"minecraft:carrot":84,"minecraft:granite":1,"minecraft:honey_bottle":2,"minecraft:iron_axe":103,"minecraft:smooth_basalt":1,"cobblemon:pc":1,"minecraft:beef":10,"minecraft:hay_block":1,"minecraft:furnace":7,"minecraft:egg":1,"minecraft:potato":4,"minecraft:cooked_beef":7,"minecraft:calcite":1,"minecraft:diorite":2,"minecraft:stone_pickaxe":163,"minecraft:baked_potato":2,"minecraft:wooden_pickaxe":3,"cobblemon:roasted_leek":11,"minecraft:crafting_table":9,"cobblemon:black_apricorn_seed":7,"cobblemon:yellow_apricorn_seed":18,"cobblemon:white_apricorn_seed":5,"minecraft:white_bed":3,"cobblemon:green_apricorn_seed":5,"cobblemon:oran_berry":1,"minecraft:chicken":1,"minecraft:bread":11,"minecraft:iron_pickaxe":246,"minecraft:lilac":1,"minecraft:stone_axe":44,"cobblemon:red_apricorn_seed":3,"minecraft:cobblestone":164,"cobblemon:medicinal_leek":12,"minecraft:porkchop":14,"cobblemon:blue_apricorn_seed":8,"minecraft:bone_meal":27,"minecraft:golden_pickaxe":57,"cobblemon:bluk_berry":1},"minecraft:killed":{"minecraft:spider":3,"minecraft:skeleton":8,"minecraft:chicken":3,"minecraft:pig":14,"cobblemon:pokemon":1,"minecraft:zombie_villager":1,"minecraft:creeper":3,"minecraft:sheep":5,"minecraft:pillager":1,"minecraft:zombie":14,"minecraft:cow":10},"minecraft:mined":{"minecraft:large_amethyst_bud":1,"minecraft:white_bed":3,"minecraft:deepslate_diamond_ore":1,"cobblemon:apricorn_log":10,"cobblemon:big_root":11,"minecraft:granite":3,"cobblemon:pink_apricorn":1,"minecraft:grass_block":31,"cobblemon:red_apricorn_sapling":1,"minecraft:oxeye_daisy":1,"minecraft:spawner":1,"minecraft:hay_block":3,"minecraft:magma_block":1,"minecraft:redstone_ore":6,"minecraft:furnace":4,"minecraft:carrots":33,"minecraft:iron_ore":42,"minecraft:andesite":2,"minecraft:azure_bluet":1,"cobblemon:medicinal_leek":18,"cobblemon:white_apricorn_sapling":3,"minecraft:potatoes":1,"cobblemon:green_apricorn_sapling":3,"minecraft:dirt_path":1,"minecraft:stone":217,"minecraft:deepslate_redstone_ore":4,"cobblemon:black_apricorn_sapling":2,"minecraft:amethyst_cluster":7,"minecraft:dandelion":5,"minecraft:cornflower":1,"minecraft:crafting_table":6,"minecraft:torch":1,"cobblemon:apricorn_leaves":8,"minecraft:calcite":2,"minecraft:poppy":2,"minecraft:chest":7,"cobblemon:wepear_berry":1,"cobblemon:energy_root":1,"minecraft:cobblestone":8,"minecraft:copper_ore":29,"minecraft:tall_grass":36,"minecraft:lapis_ore":12,"minecraft:deepslate_gold_ore":4,"minecraft:sugar_cane":2,"minecraft:diorite":11,"minecraft:wall_torch":2,"minecraft:amethyst_block":4,"cobblemon:yellow_apricorn_sapling":4,"minecraft:wheat":11,"minecraft:lilac":1,"minecraft:birch_leaves":5,"cobblemon:persim_berry":1,"minecraft:grass":239,"minecraft:coal_ore":55,"minecraft:oak_log":19,"cobblemon:thunder_stone_ore":3,"minecraft:sand":7,"minecraft:dirt":9,"minecraft:smooth_basalt":1,"cobblemon:blue_apricorn_sapling":2,"minecraft:netherrack":19,"minecraft:gold_ore":18,"minecraft:oak_leaves":22,"minecraft:deepslate":1},"minecraft:crafted":{"cobblemon:exp_share":1,"minecraft:oak_planks":80,"minecraft:cooked_chicken":2,"cobblemon:apricorn_planks":40,"minecraft:furnace":4,"minecraft:bone_meal":27,"minecraft:glass":7,"minecraft:iron_axe":1,"minecraft:stone_pickaxe":3,"minecraft:chest":5,"cobblemon:citrine_ball":4,"minecraft:cooked_beef":7,"cobblemon:roasted_leek":8,"minecraft:cooked_porkchop":13,"minecraft:crafting_table":4,"minecraft:baked_potato":2,"minecraft:iron_helmet":1,"minecraft:wooden_pickaxe":1,"cobblemon:pc":3,"minecraft:copper_ingot":17,"cobblemon:roseate_ball":4,"minecraft:stone_axe":1,"minecraft:air":0,"cobblemon:quick_ball":68,"minecraft:shield":1,"minecraft:stick":24,"minecraft:iron_ingot":39,"minecraft:iron_pickaxe":2,"minecraft:iron_leggings":1,"minecraft:iron_shovel":1,"minecraft:gold_ingot":23,"minecraft:white_bed":1,"minecraft:torch":16,"cobblemon:relic_coin_pouch":4},"minecraft:dropped":{"minecraft:bread":45,"minecraft:porkchop":1,"minecraft:wheat_seeds":13,"minecraft:lapis_lazuli":45,"minecraft:lilac":1,"minecraft:baked_potato":2,"minecraft:glass_bottle":1,"cobblemon:sun_stone":1,"minecraft:crafting_table":1,"minecraft:cooked_porkchop":13,"minecraft:crossbow":1,"minecraft:feather":2,"minecraft:cobblestone":39,"cobblemon:yellow_apricorn_seed":2,"minecraft:leather":2,"minecraft:granite":1,"minecraft:coal":8,"cobblemon:oran_berry":33,"minecraft:stick":4,"minecraft:dirt":5,"minecraft:diorite":7,"minecraft:torch":15,"cobblemon:great_ball":5,"minecraft:white_wool":6,"minecraft:bucket":1,"minecraft:bone":10,"minecraft:furnace":1,"minecraft:stone_axe":1,"minecraft:sugar_cane":5,"minecraft:raw_copper":68,"minecraft:raw_iron":6,"minecraft:rotten_flesh":12,"minecraft:light_gray_wool":1,"minecraft:oak_planks":9,"cobblemon:quick_ball":17,"minecraft:flint_and_steel":1,"cobblemon:white_apricorn_seed":1,"minecraft:shield":3,"minecraft:gunpowder":2,"minecraft:andesite":6,"minecraft:yellow_bed":1,"cobblemon:pc":2,"minecraft:bow":1,"minecraft:arrow":4,"minecraft:wooden_pickaxe":1,"minecraft:stone_pickaxe":2,"minecraft:magma_block":1,"minecraft:netherrack":17,"minecraft:egg":2},"minecraft:custom":{"minecraft:mob_kills":66,"minecraft:interact_with_crafting_table":43,"minecraft:leave_game":5,"minecraft:time_since_death":66340,"minecraft:sprint_one_cm":777885,"minecraft:walk_one_cm":695188,"minecraft:damage_blocked_by_shield":2775,"minecraft:drop":103,"minecraft:talked_to_villager":1,"minecraft:play_time":281143,"minecraft:deaths":3,"minecraft:sneak_time":6229,"minecraft:walk_under_water_one_cm":15132,"minecraft:jump":4381,"minecraft:walk_on_water_one_cm":17663,"minecraft:total_world_time":281143,"minecraft:interact_with_furnace":56,"minecraft:sleep_in_bed":11,"minecraft:time_since_rest":44336,"minecraft:damage_taken":2943,"minecraft:damage_dealt":9545,"minecraft:swim_one_cm":32338,"minecraft:fly_one_cm":866227,"minecraft:open_chest":213,"minecraft:crouch_one_cm":19873,"minecraft:fall_one_cm":107512},"minecraft:killed_by":{"minecraft:creeper":3},"minecraft:broken":{"minecraft:golden_boots":1,"minecraft:stone_axe":1,"minecraft:iron_pickaxe":1,"minecraft:golden_pickaxe":1},"minecraft:picked_up":{"minecraft:crafting_table":7,"minecraft:wheat":3,"minecraft:azure_bluet":1,"minecraft:chicken":4,"cobblemon:yellow_apricorn":80,"cobblemon:red_apricorn":13,"minecraft:wooden_pickaxe":1,"minecraft:shield":4,"minecraft:amethyst_block":4,"minecraft:iron_axe":1,"minecraft:cornflower":1,"minecraft:music_disc_cat":1,"minecraft:string":2,"minecraft:raw_copper":268,"minecraft:iron_leggings":1,"cobblemon:white_apricorn":41,"minecraft:iron_shovel":1,"minecraft:smooth_stone":6,"cobblemon:green_apricorn":12,"minecraft:bucket":1,"cobblemon:white_apricorn_seed":6,"minecraft:beef":21,"cobblemon:oran_berry":122,"cobblemon:relic_coin":42,"minecraft:calcite":2,"minecraft:iron_pickaxe":1,"minecraft:poppy":2,"minecraft:light_gray_wool":1,"cobblemon:big_root":23,"cobblemon:quick_ball":12,"minecraft:sugar_cane":8,"minecraft:chest":7,"cobblemon:green_apricorn_seed":5,"minecraft:egg":5,"minecraft:furnace":4,"minecraft:stick":37,"minecraft:raw_iron":78,"cobblemon:apricorn_log":10,"minecraft:copper_ingot":8,"minecraft:torch":28,"minecraft:porkchop":28,"minecraft:diorite":16,"minecraft:carrot":71,"cobblemon:citrine_ball":1,"minecraft:redstone":85,"minecraft:golden_chestplate":1,"minecraft:iron_horse_armor":1,"minecraft:honey_bottle":1,"minecraft:stone_sword":1,"minecraft:arrow":11,"minecraft:rotten_flesh":46,"minecraft:hay_block":3,"minecraft:mutton":16,"cobblemon:blue_apricorn":74,"minecraft:white_wool":12,"minecraft:cobblestone":301,"minecraft:oxeye_daisy":1,"cobblemon:great_ball":5,"minecraft:magma_block":1,"minecraft:lilac":2,"minecraft:feather":3,"minecraft:cooked_beef":2,"minecraft:andesite":10,"minecraft:leather":13,"minecraft:potato":5,"cobblemon:roseate_ball":1,"cobblemon:bluk_berry":50,"minecraft:oak_log":24,"minecraft:golden_boots":1,"minecraft:yellow_bed":1,"minecraft:gunpowder":13,"minecraft:lapis_lazuli":166,"minecraft:dirt":156,"minecraft:name_tag":1,"minecraft:bone":23,"minecraft:bow":1,"cobblemon:black_apricorn":52,"cobblemon:roasted_leek":3,"minecraft:wheat_seeds":43,"minecraft:raw_gold":46,"cobblemon:pink_mint_seeds":2,"minecraft:iron_ingot":10,"minecraft:stone_pickaxe":1,"cobblemon:thunder_stone":6,"minecraft:oak_planks":15,"minecraft:stone_hoe":1,"cobblemon:red_apricorn_seed":3,"cobblemon:sun_stone":1,"minecraft:smooth_basalt":1,"minecraft:music_disc_13":1,"cobblemon:black_apricorn_seed":7,"minecraft:dandelion":5,"minecraft:amethyst_shard":28,"cobblemon:blue_apricorn_seed":8,"cobblemon:cheri_berry":22,"minecraft:sand":7,"cobblemon:yellow_apricorn_seed":20,"cobblemon:persim_berry":40,"cobblemon:pink_apricorn":25,"minecraft:white_bed":3,"cobblemon:leppa_berry":2,"minecraft:diamond":2,"minecraft:stone_axe":2,"minecraft:iron_helmet":1,"minecraft:crossbow":3,"minecraft:granite":7,"minecraft:baked_potato":2,"cobblemon:chesto_berry":4,"minecraft:bread":55,"minecraft:coal":252,"cobblemon:medicinal_leek":32,"minecraft:netherrack":19,"cobblemon:energy_root":3}},"DataVersion":3465}