{"stats":{"minecraft:used":{"minecraft:shield":17,"minecraft:chest":11,"minecraft:rotten_flesh":2,"minecraft:torch":19,"minecraft:dirt":16,"minecraft:mutton":2,"minecraft:granite":1,"minecraft:beef":5,"minecraft:hay_block":1,"minecraft:furnace":5,"minecraft:cooked_beef":3,"minecraft:stone_pickaxe":163,"minecraft:wooden_pickaxe":3,"cobblemon:roasted_leek":9,"minecraft:crafting_table":9,"cobblemon:yellow_apricorn_seed":2,"minecraft:white_bed":3,"minecraft:chicken":1,"minecraft:bread":11,"minecraft:iron_pickaxe":163,"minecraft:stone_axe":44,"minecraft:cobblestone":81,"cobblemon:medicinal_leek":7,"minecraft:porkchop":5,"minecraft:golden_pickaxe":57},"minecraft:killed":{"minecraft:spider":1,"minecraft:skeleton":3,"minecraft:chicken":1,"minecraft:pig":2,"minecraft:zombie_villager":1,"minecraft:creeper":1,"minecraft:sheep":3,"minecraft:pillager":1,"minecraft:zombie":3,"minecraft:cow":6},"minecraft:mined":{"minecraft:white_bed":3,"minecraft:deepslate_diamond_ore":1,"cobblemon:big_root":8,"minecraft:granite":3,"minecraft:grass_block":1,"minecraft:spawner":1,"minecraft:hay_block":3,"minecraft:magma_block":1,"minecraft:redstone_ore":6,"minecraft:furnace":4,"minecraft:iron_ore":42,"minecraft:andesite":2,"cobblemon:medicinal_leek":14,"minecraft:dirt_path":1,"minecraft:stone":158,"minecraft:crafting_table":6,"minecraft:torch":1,"cobblemon:apricorn_leaves":5,"minecraft:chest":7,"cobblemon:wepear_berry":1,"minecraft:cobblestone":7,"minecraft:copper_ore":29,"minecraft:tall_grass":22,"minecraft:lapis_ore":12,"minecraft:deepslate_gold_ore":4,"minecraft:sugar_cane":2,"minecraft:diorite":9,"minecraft:wall_torch":2,"minecraft:birch_leaves":3,"cobblemon:persim_berry":1,"minecraft:grass":68,"minecraft:coal_ore":55,"minecraft:oak_log":19,"cobblemon:thunder_stone_ore":3,"minecraft:dirt":5,"minecraft:netherrack":19,"minecraft:gold_ore":18,"minecraft:oak_leaves":4,"minecraft:deepslate":1},"minecraft:crafted":{"minecraft:oak_planks":80,"minecraft:furnace":2,"minecraft:iron_axe":1,"minecraft:stone_pickaxe":3,"minecraft:chest":4,"cobblemon:citrine_ball":4,"minecraft:cooked_beef":3,"cobblemon:roasted_leek":8,"minecraft:crafting_table":4,"minecraft:wooden_pickaxe":1,"minecraft:copper_ingot":3,"cobblemon:roseate_ball":4,"minecraft:stone_axe":1,"minecraft:air":0,"minecraft:shield":1,"minecraft:stick":20,"minecraft:iron_ingot":7,"minecraft:iron_pickaxe":1,"minecraft:white_bed":1,"minecraft:torch":16},"minecraft:dropped":{"minecraft:bread":45,"minecraft:wheat_seeds":3,"minecraft:lapis_lazuli":45,"cobblemon:sun_stone":1,"minecraft:crafting_table":1,"minecraft:crossbow":1,"minecraft:feather":2,"minecraft:cobblestone":39,"minecraft:granite":1,"minecraft:coal":8,"minecraft:stick":4,"minecraft:dirt":5,"minecraft:diorite":7,"minecraft:torch":14,"minecraft:white_wool":1,"minecraft:bucket":1,"minecraft:bone":2,"minecraft:furnace":1,"minecraft:stone_axe":1,"minecraft:sugar_cane":5,"minecraft:raw_copper":68,"minecraft:raw_iron":6,"minecraft:rotten_flesh":11,"minecraft:oak_planks":9,"minecraft:flint_and_steel":1,"minecraft:shield":1,"minecraft:gunpowder":2,"minecraft:andesite":1,"minecraft:yellow_bed":1,"minecraft:arrow":1,"minecraft:wooden_pickaxe":1,"minecraft:stone_pickaxe":2,"minecraft:magma_block":1,"minecraft:netherrack":17},"minecraft:custom":{"minecraft:mob_kills":23,"minecraft:interact_with_crafting_table":22,"minecraft:leave_game":5,"minecraft:time_since_death":95267,"minecraft:sprint_one_cm":264098,"minecraft:walk_one_cm":213772,"minecraft:damage_blocked_by_shield":1005,"minecraft:drop":59,"minecraft:play_time":101143,"minecraft:deaths":2,"minecraft:sneak_time":4953,"minecraft:walk_under_water_one_cm":8650,"minecraft:jump":1638,"minecraft:walk_on_water_one_cm":10335,"minecraft:total_world_time":101143,"minecraft:interact_with_furnace":22,"minecraft:sleep_in_bed":3,"minecraft:time_since_rest":1436,"minecraft:damage_taken":1458,"minecraft:damage_dealt":3405,"minecraft:swim_one_cm":26137,"minecraft:fly_one_cm":324539,"minecraft:open_chest":66,"minecraft:crouch_one_cm":16781,"minecraft:fall_one_cm":37038},"minecraft:broken":{"minecraft:stone_axe":1,"minecraft:golden_pickaxe":1},"minecraft:killed_by":{"minecraft:creeper":2},"minecraft:picked_up":{"minecraft:crafting_table":7,"minecraft:chicken":2,"cobblemon:yellow_apricorn":13,"minecraft:wooden_pickaxe":1,"minecraft:shield":1,"minecraft:music_disc_cat":1,"minecraft:string":2,"minecraft:raw_copper":268,"cobblemon:white_apricorn":4,"minecraft:bucket":1,"minecraft:beef":12,"cobblemon:oran_berry":21,"cobblemon:big_root":20,"minecraft:sugar_cane":5,"minecraft:chest":7,"minecraft:furnace":4,"minecraft:stick":29,"minecraft:raw_iron":78,"minecraft:copper_ingot":3,"minecraft:torch":27,"minecraft:porkchop":5,"minecraft:diorite":14,"minecraft:redstone":68,"minecraft:iron_horse_armor":1,"minecraft:stone_sword":1,"minecraft:arrow":4,"minecraft:rotten_flesh":23,"minecraft:hay_block":3,"minecraft:mutton":7,"cobblemon:blue_apricorn":10,"minecraft:white_wool":4,"minecraft:cobblestone":197,"minecraft:magma_block":1,"minecraft:feather":2,"minecraft:cooked_beef":1,"minecraft:andesite":5,"minecraft:leather":7,"cobblemon:roseate_ball":1,"cobblemon:bluk_berry":25,"minecraft:oak_log":24,"minecraft:yellow_bed":1,"minecraft:gunpowder":9,"minecraft:lapis_lazuli":166,"minecraft:dirt":92,"minecraft:name_tag":1,"minecraft:bone":11,"cobblemon:roasted_leek":3,"minecraft:wheat_seeds":4,"minecraft:raw_gold":46,"minecraft:iron_ingot":4,"minecraft:stone_pickaxe":1,"cobblemon:thunder_stone":6,"minecraft:oak_planks":9,"minecraft:stone_hoe":1,"cobblemon:sun_stone":1,"minecraft:music_disc_13":1,"cobblemon:cheri_berry":13,"cobblemon:yellow_apricorn_seed":2,"cobblemon:pink_apricorn":8,"minecraft:white_bed":3,"cobblemon:leppa_berry":2,"minecraft:diamond":2,"minecraft:stone_axe":2,"minecraft:crossbow":3,"minecraft:granite":7,"minecraft:bread":55,"minecraft:coal":252,"cobblemon:medicinal_leek":22,"minecraft:netherrack":19,"cobblemon:energy_root":2}},"DataVersion":3465}