{"stats":{"minecraft:used":{"minecraft:stone_pickaxe":99,"minecraft:wooden_pickaxe":3,"minecraft:mutton":2,"minecraft:crafting_table":3,"cobblemon:yellow_apricorn_seed":1,"minecraft:white_bed":2,"minecraft:chicken":1,"minecraft:cobblestone":2,"minecraft:beef":5,"minecraft:furnace":2,"cobblemon:medicinal_leek":7,"minecraft:porkchop":5,"minecraft:golden_pickaxe":57},"minecraft:killed":{"minecraft:pig":2,"minecraft:sheep":3,"minecraft:chicken":1,"minecraft:cow":6},"minecraft:mined":{"minecraft:white_bed":2,"cobblemon:big_root":5,"minecraft:crafting_table":3,"cobblemon:apricorn_leaves":5,"minecraft:granite":1,"cobblemon:wepear_berry":1,"minecraft:tall_grass":5,"minecraft:copper_ore":16,"minecraft:sugar_cane":2,"minecraft:hay_block":3,"minecraft:furnace":1,"minecraft:birch_leaves":3,"cobblemon:persim_berry":1,"cobblemon:medicinal_leek":11,"minecraft:grass":20,"minecraft:oak_log":15,"minecraft:coal_ore":55,"cobblemon:thunder_stone_ore":2,"minecraft:dirt":2,"minecraft:stone":73,"minecraft:netherrack":9,"minecraft:oak_leaves":2},"minecraft:crafted":{"minecraft:oak_planks":44,"minecraft:crafting_table":2,"minecraft:wooden_pickaxe":1,"minecraft:furnace":1,"minecraft:copper_ingot":3,"minecraft:air":0,"minecraft:stick":12,"minecraft:stone_pickaxe":1,"minecraft:white_bed":1,"minecraft:torch":16},"minecraft:dropped":{"minecraft:wheat_seeds":2,"minecraft:feather":1},"minecraft:custom":{"minecraft:interact_with_furnace":4,"minecraft:mob_kills":12,"minecraft:interact_with_crafting_table":4,"minecraft:leave_game":5,"minecraft:time_since_death":41267,"minecraft:sleep_in_bed":1,"minecraft:time_since_rest":9381,"minecraft:sprint_one_cm":148980,"minecraft:damage_taken":715,"minecraft:walk_one_cm":93926,"minecraft:drop":3,"minecraft:damage_dealt":1060,"minecraft:swim_one_cm":23849,"minecraft:fly_one_cm":174204,"minecraft:open_chest":1,"minecraft:crouch_one_cm":4999,"minecraft:play_time":47143,"minecraft:deaths":2,"minecraft:sneak_time":1438,"minecraft:walk_under_water_one_cm":4276,"minecraft:jump":847,"minecraft:walk_on_water_one_cm":4608,"minecraft:total_world_time":47143,"minecraft:fall_one_cm":19611},"minecraft:broken":{"minecraft:golden_pickaxe":1},"minecraft:killed_by":{"minecraft:creeper":2},"minecraft:picked_up":{"minecraft:crafting_table":3,"minecraft:feather":2,"minecraft:chicken":1,"cobblemon:yellow_apricorn":4,"minecraft:leather":4,"minecraft:oak_log":15,"minecraft:dirt":65,"minecraft:raw_copper":85,"cobblemon:white_apricorn":2,"minecraft:wheat_seeds":2,"minecraft:beef":12,"cobblemon:thunder_stone":2,"cobblemon:big_root":5,"minecraft:sugar_cane":5,"minecraft:oak_planks":1,"minecraft:furnace":1,"minecraft:porkchop":5,"cobblemon:yellow_apricorn_seed":1,"cobblemon:pink_apricorn":4,"minecraft:white_bed":2,"minecraft:hay_block":3,"minecraft:granite":1,"cobblemon:medicinal_leek":14,"minecraft:netherrack":7,"minecraft:mutton":7,"cobblemon:blue_apricorn":1,"minecraft:coal":101,"minecraft:white_wool":4,"minecraft:cobblestone":69}},"DataVersion":3465}