{"stats":{"minecraft:used":{"minecraft:dirt":6,"minecraft:crafting_table":1,"minecraft:oak_sapling":1,"minecraft:wooden_pickaxe":37},"minecraft:mined":{"minecraft:grass_block":2,"minecraft:oak_log":8,"minecraft:dirt":4,"minecraft:stone":30,"minecraft:oak_leaves":5},"minecraft:crafted":{"minecraft:oak_planks":24,"minecraft:crafting_table":1,"minecraft:stick":8,"minecraft:wooden_pickaxe":1},"minecraft:custom":{"minecraft:time_since_rest":5290,"minecraft:play_time":5290,"minecraft:walk_one_cm":12219,"minecraft:sneak_time":8,"minecraft:jump":16,"minecraft:time_since_death":5290,"minecraft:total_world_time":5290,"minecraft:interact_with_crafting_table":1},"minecraft:picked_up":{"minecraft:oak_log":8,"minecraft:oak_sapling":1,"minecraft:dirt":6,"minecraft:cobblestone":30}},"DataVersion":3465}