{"stats":{"minecraft:used":{"minecraft:stone_sword":135,"minecraft:chest":7,"minecraft:shield":30,"minecraft:white_terracotta":8,"minecraft:iron_sword":130,"minecraft:cooked_chicken":1,"minecraft:stone_hoe":65,"minecraft:iron_chestplate":1,"minecraft:torch":127,"minecraft:dirt":67,"minecraft:cobblestone_wall":19,"minecraft:tuff":5,"minecraft:granite":13,"minecraft:iron_axe":24,"cobblemon:pc":1,"minecraft:bow":4,"minecraft:oak_sapling":3,"minecraft:furnace":4,"minecraft:egg":4,"minecraft:cooked_beef":3,"minecraft:cobbled_deepslate":71,"minecraft:water_bucket":13,"minecraft:diorite":5,"minecraft:stone_pickaxe":215,"minecraft:oak_planks":128,"minecraft:wooden_pickaxe":38,"minecraft:oak_slab":7,"minecraft:crafting_table":10,"cobblemon:black_apricorn_seed":3,"cobblemon:yellow_apricorn_seed":3,"minecraft:white_bed":6,"cobblemon:white_apricorn_seed":2,"cobblemon:green_apricorn_seed":1,"minecraft:bread":75,"minecraft:iron_pickaxe":261,"minecraft:gravel":1,"minecraft:stone_axe":158,"minecraft:cobblestone":74,"cobblemon:red_apricorn_seed":1,"minecraft:bucket":14,"minecraft:yellow_bed":1,"minecraft:oak_boat":2,"cobblemon:blue_apricorn_seed":7},"minecraft:killed":{"minecraft:spider":7,"minecraft:skeleton":9,"minecraft:chicken":3,"minecraft:pig":1,"minecraft:zombie_villager":1,"minecraft:iron_golem":2,"minecraft:creeper":2,"minecraft:sheep":5,"minecraft:zombie":32,"minecraft:enderman":1,"minecraft:cow":14},"minecraft:mined":{"minecraft:tuff":9,"minecraft:white_bed":3,"minecraft:deepslate_diamond_ore":15,"minecraft:granite":20,"minecraft:grass_block":6,"minecraft:spruce_leaves":1,"minecraft:hay_block":57,"minecraft:redstone_ore":2,"minecraft:furnace":2,"minecraft:iron_ore":64,"minecraft:cobbled_deepslate":10,"minecraft:andesite":11,"minecraft:deepslate_lapis_ore":1,"minecraft:deepslate_iron_ore":3,"minecraft:oak_stairs":2,"minecraft:stripped_oak_log":3,"minecraft:stone":142,"minecraft:oak_slab":1,"minecraft:deepslate_redstone_ore":8,"minecraft:glass_pane":1,"cobblemon:apricorn_leaves":5,"minecraft:crafting_table":3,"minecraft:torch":6,"minecraft:chest":1,"minecraft:copper_ore":21,"minecraft:tall_grass":13,"minecraft:cobblestone":3,"minecraft:lapis_ore":6,"minecraft:deepslate_gold_ore":50,"minecraft:oak_planks":39,"minecraft:sugar_cane":7,"minecraft:diorite":5,"minecraft:wall_torch":1,"minecraft:white_terracotta":8,"minecraft:coarse_dirt":2,"minecraft:cobblestone_wall":1,"cobblemon:deepslate_leaf_stone_ore":1,"minecraft:birch_leaves":3,"minecraft:yellow_bed":1,"minecraft:grass":113,"minecraft:oak_log":89,"minecraft:coal_ore":40,"minecraft:gravel":1,"minecraft:dirt":11,"cobblemon:sun_stone_ore":1,"minecraft:netherrack":2,"minecraft:gold_ore":3,"minecraft:oak_leaves":30,"minecraft:deepslate":62,"minecraft:fern":1,"minecraft:suspicious_gravel":2},"minecraft:crafted":{"minecraft:smooth_stone":12,"minecraft:oak_planks":228,"minecraft:cooked_chicken":1,"minecraft:furnace":1,"minecraft:stone":21,"minecraft:bone_meal":3,"minecraft:bow":1,"minecraft:iron_boots":1,"minecraft:iron_axe":1,"minecraft:stone_pickaxe":3,"minecraft:cobblestone_wall":18,"minecraft:chest":6,"minecraft:stone_hoe":1,"minecraft:wheat":252,"minecraft:cooked_beef":20,"minecraft:oak_slab":6,"minecraft:crafting_table":6,"minecraft:spruce_planks":40,"minecraft:wooden_pickaxe":1,"minecraft:iron_helmet":1,"minecraft:iron_sword":1,"minecraft:copper_ingot":36,"minecraft:bucket":1,"minecraft:stone_axe":1,"minecraft:bread":84,"minecraft:air":0,"minecraft:oak_boat":2,"minecraft:white_wool":1,"minecraft:iron_chestplate":1,"minecraft:shield":1,"minecraft:white_dye":1,"minecraft:stick":44,"minecraft:iron_ingot":66,"minecraft:iron_pickaxe":2,"minecraft:stone_sword":1,"minecraft:iron_leggings":1,"minecraft:gold_ingot":48,"minecraft:white_bed":1,"minecraft:torch":84,"cobblemon:ultra_ball":8,"cobblemon:great_ball":16},"minecraft:dropped":{"minecraft:stone_hoe":1,"minecraft:iron_ingot":4,"minecraft:wheat_seeds":6,"minecraft:cobblestone":8,"minecraft:granite":4,"minecraft:copper_ingot":5,"cobblemon:oran_berry":3,"minecraft:dirt":1,"minecraft:torch":38,"minecraft:mutton":4,"cobblemon:great_ball":7,"minecraft:iron_pickaxe":2,"minecraft:smooth_stone":6,"minecraft:white_wool":1,"cobblemon:red_apricorn":2,"minecraft:coarse_dirt":2,"minecraft:cobbled_deepslate":28,"minecraft:tuff":4,"minecraft:rotten_flesh":10,"minecraft:oak_planks":3,"minecraft:shield":1,"minecraft:gunpowder":1,"minecraft:andesite":5,"minecraft:spider_eye":2,"minecraft:stone_pickaxe":2},"minecraft:custom":{"minecraft:mob_kills":79,"minecraft:interact_with_crafting_table":39,"minecraft:leave_game":4,"minecraft:time_since_death":14568,"minecraft:sprint_one_cm":596901,"minecraft:walk_one_cm":597526,"minecraft:damage_blocked_by_shield":2160,"minecraft:drop":63,"minecraft:play_time":264477,"minecraft:deaths":4,"minecraft:sneak_time":5671,"minecraft:walk_under_water_one_cm":23556,"minecraft:boat_one_cm":90225,"minecraft:jump":4524,"minecraft:walk_on_water_one_cm":25691,"minecraft:total_world_time":264477,"minecraft:interact_with_furnace":92,"minecraft:sleep_in_bed":13,"minecraft:time_since_rest":14606,"minecraft:damage_taken":3858,"minecraft:damage_dealt":14203,"minecraft:swim_one_cm":65260,"minecraft:fly_one_cm":889093,"minecraft:open_chest":71,"minecraft:crouch_one_cm":11959,"minecraft:fall_one_cm":124711},"minecraft:broken":{"minecraft:stone_sword":1,"minecraft:stone_axe":1},"minecraft:killed_by":{"minecraft:zombie_villager":1,"minecraft:player":1,"minecraft:creeper":1,"minecraft:skeleton":1},"minecraft:picked_up":{"minecraft:iron_chestplate":1,"minecraft:crafting_table":6,"cobblemon:leaf_stone":1,"minecraft:coarse_dirt":2,"minecraft:chicken":3,"cobblemon:yellow_apricorn":49,"cobblemon:red_apricorn":20,"minecraft:wooden_pickaxe":2,"minecraft:oak_stairs":2,"minecraft:shield":3,"cobblemon:wepear_berry":3,"minecraft:iron_axe":1,"minecraft:string":8,"minecraft:raw_copper":160,"cobblemon:lum_berry":2,"minecraft:flint_and_steel":1,"minecraft:iron_leggings":1,"cobblemon:white_apricorn":32,"minecraft:cobbled_deepslate":104,"cobblemon:green_apricorn":13,"minecraft:bucket":1,"cobblemon:white_apricorn_seed":2,"minecraft:beef":27,"cobblemon:oran_berry":103,"minecraft:iron_pickaxe":2,"cobblemon:quick_ball":9,"minecraft:sugar_cane":19,"minecraft:chest":1,"cobblemon:green_apricorn_seed":2,"minecraft:iron_boots":1,"minecraft:furnace":3,"minecraft:egg":4,"minecraft:golden_helmet":1,"minecraft:stick":4,"minecraft:raw_iron":73,"cobblemon:pc":1,"minecraft:copper_ingot":31,"minecraft:torch":105,"minecraft:porkchop":3,"minecraft:diorite":5,"minecraft:redstone":40,"minecraft:stone_sword":2,"minecraft:arrow":29,"minecraft:rotten_flesh":26,"minecraft:hay_block":57,"minecraft:gold_ingot":22,"minecraft:white_terracotta":8,"minecraft:mutton":16,"cobblemon:blue_apricorn":53,"minecraft:white_wool":7,"minecraft:cobblestone":224,"minecraft:stripped_oak_log":3,"minecraft:cooked_beef":17,"minecraft:magma_block":1,"minecraft:air":0,"minecraft:feather":3,"cobblemon:great_ball":7,"cobblemon:ultra_ball":8,"minecraft:water_bucket":1,"minecraft:andesite":15,"minecraft:leather":11,"cobblemon:kebia_berry":16,"minecraft:tuff":9,"minecraft:oak_log":135,"cobblemon:bluk_berry":12,"minecraft:cobblestone_wall":1,"minecraft:yellow_bed":2,"minecraft:gunpowder":3,"minecraft:lapis_lazuli":98,"minecraft:dirt":92,"minecraft:bone":12,"minecraft:bow":1,"minecraft:wheat_seeds":17,"cobblemon:black_apricorn":21,"minecraft:raw_gold":52,"minecraft:iron_ingot":38,"minecraft:stone_pickaxe":4,"minecraft:iron_sword":1,"minecraft:oak_planks":78,"cobblemon:chilan_berry":2,"minecraft:oak_slab":2,"cobblemon:red_apricorn_seed":1,"cobblemon:sun_stone":2,"cobblemon:black_apricorn_seed":3,"cobblemon:blue_apricorn_seed":7,"minecraft:gravel":1,"cobblemon:cheri_berry":22,"cobblemon:pecha_berry":10,"cobblemon:yellow_apricorn_seed":3,"cobblemon:persim_berry":75,"cobblemon:pink_apricorn":10,"minecraft:white_bed":5,"minecraft:spruce_log":1,"minecraft:spider_eye":2,"minecraft:diamond":15,"minecraft:stone_axe":2,"minecraft:iron_helmet":1,"minecraft:granite":23,"minecraft:bone_meal":2,"cobblemon:rindo_berry":3,"minecraft:gray_wool":2,"minecraft:bread":52,"minecraft:oak_sapling":5,"minecraft:netherrack":19,"minecraft:coal":54,"minecraft:ender_pearl":1}},"DataVersion":3465}