{"stats":{"minecraft:mined":{"minecraft:white_bed":3,"minecraft:obsidian":2,"minecraft:granite":20,"minecraft:grass_block":8,"minecraft:soul_soil":1,"minecraft:spawner":1,"minecraft:weeping_vines_plant":1,"minecraft:glowstone":9,"minecraft:iron_ore":64,"minecraft:cobbled_deepslate":10,"minecraft:fire":24,"minecraft:deepslate_lapis_ore":1,"cobblemon:medicinal_leek":4,"cobblemon:green_apricorn_sapling":1,"minecraft:oak_stairs":2,"minecraft:deepslate_redstone_ore":8,"minecraft:brown_mushroom":6,"minecraft:crimson_nylium":9,"minecraft:soul_fire":9,"minecraft:torch":6,"cobblemon:apricorn_leaves":5,"minecraft:chest":1,"minecraft:nether_quartz_ore":11,"minecraft:cobblestone":3,"minecraft:sugar_cane":21,"minecraft:oak_planks":39,"minecraft:wall_torch":1,"minecraft:white_terracotta":8,"cobblemon:deepslate_leaf_stone_ore":1,"minecraft:wheat":14,"minecraft:warped_fungus":10,"minecraft:grass":143,"minecraft:oak_log":95,"minecraft:dirt":16,"minecraft:netherrack":401,"minecraft:oak_leaves":38,"minecraft:deepslate":62,"minecraft:suspicious_gravel":2,"minecraft:nether_gold_ore":18,"minecraft:tuff":10,"minecraft:deepslate_diamond_ore":15,"minecraft:nether_bricks":35,"minecraft:crimson_roots":2,"minecraft:spruce_leaves":6,"minecraft:red_mushroom":13,"minecraft:rooted_dirt":2,"minecraft:hay_block":57,"minecraft:redstone_ore":2,"minecraft:furnace":2,"minecraft:andesite":11,"minecraft:nether_brick_fence":2,"minecraft:deepslate_iron_ore":3,"cobblemon:nether_fire_stone_ore":2,"minecraft:stripped_oak_log":11,"minecraft:stone":150,"minecraft:bone_block":10,"minecraft:oak_slab":1,"minecraft:glass_pane":1,"minecraft:basalt":9,"minecraft:crafting_table":5,"minecraft:tall_grass":16,"minecraft:copper_ore":21,"minecraft:lapis_ore":6,"minecraft:deepslate_gold_ore":50,"minecraft:diorite":5,"minecraft:coarse_dirt":2,"minecraft:cobblestone_wall":1,"minecraft:sweet_berry_bush":1,"minecraft:birch_leaves":3,"minecraft:yellow_bed":1,"minecraft:coal_ore":40,"minecraft:gravel":17,"cobblemon:sun_stone_ore":1,"minecraft:gold_ore":3,"minecraft:fern":3},"minecraft:crafted":{"minecraft:oak_planks":316,"minecraft:smooth_stone":18,"minecraft:cooked_chicken":1,"minecraft:stone":28,"minecraft:cooked_mutton":10,"minecraft:bow":1,"minecraft:iron_boots":1,"minecraft:chest":8,"minecraft:stone_hoe":1,"minecraft:golden_boots":1,"minecraft:oak_slab":6,"minecraft:crafting_table":12,"minecraft:spruce_planks":44,"minecraft:wooden_pickaxe":1,"minecraft:iron_helmet":5,"minecraft:copper_ingot":36,"minecraft:iron_chestplate":1,"minecraft:diamond_pickaxe":1,"minecraft:shield":2,"minecraft:stick":52,"minecraft:iron_ingot":66,"minecraft:iron_pickaxe":3,"minecraft:stone_sword":1,"minecraft:gold_ingot":54,"cobblemon:exp_share":4,"minecraft:furnace":1,"minecraft:mushroom_stew":6,"minecraft:bone_meal":3,"minecraft:iron_axe":1,"minecraft:stone_pickaxe":3,"minecraft:cobblestone_wall":18,"minecraft:wheat":252,"minecraft:cooked_beef":26,"minecraft:iron_sword":1,"minecraft:bowl":8,"minecraft:bucket":1,"minecraft:stone_axe":1,"minecraft:bread":88,"minecraft:air":0,"minecraft:oak_boat":4,"minecraft:white_wool":1,"minecraft:white_dye":1,"minecraft:iron_leggings":1,"minecraft:white_bed":1,"minecraft:torch":84,"cobblemon:ultra_ball":40,"cobblemon:great_ball":44},"minecraft:killed":{"minecraft:spider":8,"minecraft:skeleton":14,"minecraft:chicken":4,"minecraft:magma_cube":11,"minecraft:piglin":2,"minecraft:pig":1,"minecraft:zombie_villager":1,"minecraft:iron_golem":5,"minecraft:creeper":3,"minecraft:sheep":6,"minecraft:pillager":4,"minecraft:zombie":40,"minecraft:ghast":1,"minecraft:cow":14,"minecraft:wither_skeleton":8,"minecraft:enderman":2},"minecraft:used":{"minecraft:chest":9,"minecraft:white_terracotta":8,"minecraft:shield":58,"minecraft:iron_sword":259,"minecraft:iron_chestplate":1,"minecraft:nether_bricks":31,"minecraft:tuff":5,"minecraft:obsidian":2,"minecraft:lava_bucket":1,"minecraft:bow":21,"minecraft:warped_fungus":8,"minecraft:furnace":4,"minecraft:oak_sapling":3,"minecraft:egg":6,"minecraft:diorite":5,"minecraft:stone_pickaxe":215,"minecraft:oak_planks":128,"minecraft:wooden_pickaxe":38,"minecraft:mushroom_stew":4,"cobblemon:yellow_apricorn_seed":3,"cobblemon:green_apricorn_seed":3,"minecraft:bread":81,"minecraft:gravel":1,"cobblemon:red_apricorn_seed":1,"minecraft:oak_boat":4,"minecraft:stone_sword":135,"minecraft:stone_hoe":65,"minecraft:cooked_chicken":1,"minecraft:netherrack":298,"minecraft:torch":127,"minecraft:dirt":92,"minecraft:cobblestone_wall":19,"minecraft:granite":13,"minecraft:iron_axe":104,"cobblemon:pc":1,"minecraft:cooked_beef":26,"minecraft:cobbled_deepslate":71,"minecraft:cooked_mutton":10,"minecraft:water_bucket":23,"minecraft:oak_slab":7,"minecraft:crafting_table":18,"cobblemon:black_apricorn_seed":5,"minecraft:white_bed":6,"cobblemon:white_apricorn_seed":2,"minecraft:diamond_pickaxe":233,"minecraft:iron_pickaxe":562,"minecraft:stone_axe":158,"minecraft:cobblestone":83,"minecraft:bucket":25,"minecraft:yellow_bed":1,"cobblemon:blue_apricorn_seed":7},"minecraft:custom":{"minecraft:interact_with_crafting_table":66,"minecraft:leave_game":6,"minecraft:time_since_death":337198,"minecraft:sprint_one_cm":1132949,"minecraft:damage_blocked_by_shield":4104,"minecraft:drop":106,"minecraft:play_time":587107,"minecraft:deaths":4,"minecraft:jump":8015,"minecraft:walk_on_water_one_cm":39968,"minecraft:interact_with_furnace":102,"minecraft:sleep_in_bed":24,"minecraft:damage_dealt":23323,"minecraft:crouch_one_cm":49587,"minecraft:mob_kills":127,"minecraft:climb_one_cm":325,"minecraft:walk_one_cm":1175807,"minecraft:sneak_time":16812,"minecraft:walk_under_water_one_cm":39526,"minecraft:boat_one_cm":106155,"minecraft:total_world_time":587107,"minecraft:time_since_rest":91784,"minecraft:damage_taken":6088,"minecraft:swim_one_cm":121342,"minecraft:fly_one_cm":1595695,"minecraft:open_chest":121,"minecraft:fall_one_cm":216841},"minecraft:killed_by":{"minecraft:zombie_villager":1,"minecraft:creeper":1,"minecraft:player":1,"minecraft:skeleton":1},"minecraft:broken":{"minecraft:stone_axe":1,"minecraft:iron_sword":1,"minecraft:stone_sword":1,"minecraft:shield":1,"minecraft:iron_pickaxe":1},"minecraft:picked_up":{"cobblemon:leaf_stone":1,"minecraft:iron_chestplate":1,"minecraft:wheat":12,"minecraft:nether_brick_fence":2,"cobblemon:red_apricorn":37,"minecraft:oak_stairs":2,"cobblemon:wepear_berry":3,"minecraft:string":8,"minecraft:soul_soil":2,"minecraft:raw_copper":160,"minecraft:iron_leggings":1,"minecraft:gold_nugget":72,"minecraft:cobbled_deepslate":104,"minecraft:bucket":1,"cobblemon:white_apricorn_seed":6,"cobblemon:oran_berry":256,"minecraft:iron_pickaxe":2,"cobblemon:quick_ball":9,"minecraft:enchanted_golden_apple":1,"minecraft:furnace":3,"minecraft:iron_boots":1,"minecraft:blue_wool":1,"minecraft:golden_helmet":1,"minecraft:stick":4,"cobblemon:pc":1,"minecraft:torch":105,"minecraft:porkchop":5,"minecraft:diorite":5,"minecraft:stone_sword":2,"minecraft:rotten_flesh":34,"minecraft:white_terracotta":8,"minecraft:blaze_rod":5,"minecraft:obsidian":2,"minecraft:cobblestone":233,"minecraft:magma_block":1,"minecraft:magma_cream":2,"cobblemon:great_ball":13,"minecraft:feather":8,"minecraft:cooked_beef":17,"cobblemon:ultra_ball":8,"minecraft:water_bucket":1,"minecraft:andesite":15,"minecraft:flint":2,"minecraft:tuff":11,"cobblemon:bluk_berry":12,"minecraft:lapis_lazuli":98,"minecraft:dirt":102,"minecraft:bone":32,"minecraft:bow":1,"minecraft:wheat_seeds":50,"cobblemon:black_apricorn":107,"minecraft:raw_gold":52,"minecraft:rabbit":10,"minecraft:glowstone_dust":28,"minecraft:oak_planks":78,"minecraft:ghast_tear":1,"cobblemon:sun_stone":2,"cobblemon:fire_stone":2,"cobblemon:pecha_berry":36,"cobblemon:persim_berry":96,"cobblemon:leppa_berry":2,"cobblemon:aspear_berry":5,"minecraft:diamond":15,"minecraft:granite":23,"minecraft:bone_meal":2,"cobblemon:rindo_berry":3,"minecraft:bread":52,"minecraft:rooted_dirt":2,"cobblemon:chesto_berry":22,"cobblemon:medicinal_leek":8,"minecraft:oak_sapling":5,"minecraft:netherrack":428,"minecraft:crimson_roots":2,"minecraft:coarse_dirt":2,"minecraft:crafting_table":9,"minecraft:chicken":11,"cobblemon:yellow_apricorn":49,"minecraft:brown_mushroom":6,"minecraft:wooden_pickaxe":2,"minecraft:shield":3,"cobblemon:lum_berry":3,"minecraft:iron_axe":1,"minecraft:flint_and_steel":1,"cobblemon:white_apricorn":70,"cobblemon:green_apricorn":13,"minecraft:beef":37,"minecraft:oak_boat":1,"minecraft:poppy":4,"minecraft:sugar_cane":35,"minecraft:chest":1,"cobblemon:green_apricorn_seed":3,"minecraft:egg":9,"minecraft:raw_iron":73,"minecraft:copper_ingot":31,"cobblemon:rawst_berry":1,"minecraft:redstone":40,"minecraft:arrow":36,"minecraft:nether_bricks":31,"minecraft:hay_block":57,"minecraft:gold_ingot":22,"minecraft:mutton":30,"minecraft:white_wool":15,"cobblemon:blue_apricorn":53,"cobblemon:tanga_berry":12,"minecraft:bone_block":10,"minecraft:stripped_oak_log":11,"minecraft:air":0,"minecraft:basalt":5,"minecraft:leather":15,"cobblemon:kebia_berry":18,"minecraft:red_mushroom":13,"minecraft:oak_log":141,"minecraft:gunpowder":4,"minecraft:yellow_bed":2,"minecraft:cobblestone_wall":1,"minecraft:white_banner":1,"minecraft:rabbit_hide":6,"minecraft:stone_pickaxe":4,"minecraft:iron_ingot":49,"minecraft:iron_sword":1,"cobblemon:chilan_berry":2,"cobblemon:red_apricorn_seed":1,"minecraft:oak_slab":2,"minecraft:warped_fungus":10,"cobblemon:black_apricorn_seed":9,"minecraft:quartz":11,"cobblemon:blue_apricorn_seed":7,"minecraft:gravel":15,"cobblemon:cheri_berry":26,"cobblemon:yellow_apricorn_seed":3,"minecraft:amethyst_shard":8,"cobblemon:pink_apricorn":13,"minecraft:white_bed":5,"minecraft:spruce_log":1,"minecraft:spider_eye":2,"minecraft:stone_axe":2,"minecraft:iron_helmet":1,"minecraft:gray_wool":2,"cobblemon:silk_scarf":1,"minecraft:coal":57,"minecraft:ender_pearl":1},"minecraft:dropped":{"minecraft:warped_fungus":1,"minecraft:crafting_table":1,"minecraft:rooted_dirt":2,"minecraft:leather":2,"minecraft:flint":2,"minecraft:dirt":1,"minecraft:mutton":4,"minecraft:crimson_roots":2,"minecraft:gold_nugget":6,"cobblemon:great_ball":9,"minecraft:iron_pickaxe":2,"minecraft:white_wool":4,"cobblemon:red_apricorn":2,"minecraft:bone":7,"minecraft:gravel":14,"minecraft:cobbled_deepslate":28,"minecraft:blue_wool":1,"minecraft:rotten_flesh":14,"minecraft:oak_planks":3,"minecraft:poppy":4,"minecraft:gunpowder":2,"minecraft:stone_hoe":1,"minecraft:iron_ingot":5,"minecraft:wheat_seeds":37,"minecraft:cobblestone":9,"minecraft:granite":4,"minecraft:copper_ingot":5,"cobblemon:oran_berry":3,"minecraft:stick":2,"minecraft:torch":38,"minecraft:rabbit":1,"minecraft:smooth_stone":6,"minecraft:soul_soil":1,"minecraft:coarse_dirt":2,"minecraft:tuff":6,"minecraft:chicken":1,"minecraft:shield":1,"minecraft:andesite":5,"minecraft:spider_eye":2,"minecraft:stone_pickaxe":2,"minecraft:magma_cream":2}},"DataVersion":3465}