{"stats":{"minecraft:killed":{"minecraft:spider":8,"minecraft:skeleton":10,"minecraft:chicken":4,"minecraft:pig":1,"minecraft:zombie_villager":1,"minecraft:iron_golem":5,"minecraft:creeper":3,"minecraft:sheep":6,"minecraft:pillager":4,"minecraft:zombie":40,"minecraft:enderman":2,"minecraft:cow":14},"minecraft:picked_up":{"minecraft:crafting_table":6,"minecraft:iron_chestplate":1,"cobblemon:leaf_stone":1,"minecraft:coarse_dirt":2,"minecraft:wheat":12,"minecraft:chicken":10,"cobblemon:yellow_apricorn":49,"cobblemon:red_apricorn":37,"minecraft:wooden_pickaxe":2,"minecraft:oak_stairs":2,"minecraft:shield":3,"cobblemon:wepear_berry":3,"minecraft:string":8,"cobblemon:lum_berry":3,"minecraft:raw_copper":160,"minecraft:iron_axe":1,"minecraft:flint_and_steel":1,"minecraft:iron_leggings":1,"cobblemon:white_apricorn":47,"minecraft:cobbled_deepslate":104,"cobblemon:green_apricorn":13,"minecraft:bucket":1,"cobblemon:white_apricorn_seed":4,"minecraft:beef":37,"cobblemon:oran_berry":250,"minecraft:poppy":4,"minecraft:iron_pickaxe":2,"minecraft:enchanted_golden_apple":1,"cobblemon:quick_ball":9,"minecraft:sugar_cane":35,"minecraft:chest":1,"cobblemon:green_apricorn_seed":3,"minecraft:furnace":3,"minecraft:iron_boots":1,"minecraft:egg":9,"minecraft:blue_wool":1,"minecraft:golden_helmet":1,"minecraft:raw_iron":73,"minecraft:stick":4,"cobblemon:pc":1,"minecraft:copper_ingot":31,"minecraft:torch":105,"minecraft:porkchop":4,"minecraft:diorite":5,"minecraft:redstone":40,"minecraft:stone_sword":2,"minecraft:arrow":31,"minecraft:rotten_flesh":34,"minecraft:hay_block":57,"minecraft:gold_ingot":22,"minecraft:white_terracotta":8,"cobblemon:tanga_berry":12,"minecraft:mutton":30,"cobblemon:blue_apricorn":53,"minecraft:white_wool":15,"minecraft:cobblestone":232,"minecraft:stripped_oak_log":11,"minecraft:magma_block":1,"minecraft:cooked_beef":17,"minecraft:air":0,"minecraft:feather":8,"cobblemon:great_ball":10,"cobblemon:ultra_ball":8,"minecraft:water_bucket":1,"minecraft:andesite":15,"minecraft:leather":14,"cobblemon:kebia_berry":18,"minecraft:flint":1,"minecraft:tuff":11,"minecraft:oak_log":141,"cobblemon:bluk_berry":12,"minecraft:cobblestone_wall":1,"minecraft:yellow_bed":2,"minecraft:gunpowder":3,"minecraft:lapis_lazuli":98,"minecraft:dirt":101,"minecraft:white_banner":1,"minecraft:bone":16,"minecraft:bow":1,"minecraft:wheat_seeds":50,"cobblemon:black_apricorn":65,"minecraft:raw_gold":52,"minecraft:rabbit_hide":6,"minecraft:iron_ingot":49,"minecraft:stone_pickaxe":4,"minecraft:rabbit":9,"minecraft:oak_planks":78,"minecraft:iron_sword":1,"cobblemon:chilan_berry":2,"cobblemon:red_apricorn_seed":1,"cobblemon:sun_stone":2,"minecraft:oak_slab":2,"cobblemon:black_apricorn_seed":5,"cobblemon:blue_apricorn_seed":7,"minecraft:gravel":2,"cobblemon:cheri_berry":26,"cobblemon:pecha_berry":36,"cobblemon:yellow_apricorn_seed":3,"minecraft:amethyst_shard":8,"cobblemon:persim_berry":96,"cobblemon:pink_apricorn":13,"minecraft:white_bed":5,"minecraft:spruce_log":1,"cobblemon:leppa_berry":2,"cobblemon:aspear_berry":5,"minecraft:spider_eye":2,"minecraft:diamond":15,"minecraft:stone_axe":2,"cobblemon:silk_scarf":1,"minecraft:iron_helmet":1,"minecraft:granite":23,"minecraft:bone_meal":2,"cobblemon:rindo_berry":3,"minecraft:gray_wool":2,"minecraft:bread":52,"minecraft:rooted_dirt":2,"cobblemon:chesto_berry":22,"cobblemon:medicinal_leek":8,"minecraft:oak_sapling":5,"minecraft:netherrack":19,"minecraft:coal":54,"minecraft:ender_pearl":1},"minecraft:used":{"minecraft:stone_sword":135,"minecraft:chest":7,"minecraft:shield":35,"minecraft:white_terracotta":8,"minecraft:iron_sword":251,"minecraft:cooked_chicken":1,"minecraft:stone_hoe":65,"minecraft:iron_chestplate":1,"minecraft:torch":127,"minecraft:dirt":69,"minecraft:cobblestone_wall":19,"minecraft:tuff":5,"minecraft:granite":13,"minecraft:iron_axe":38,"cobblemon:pc":1,"minecraft:bow":6,"minecraft:oak_sapling":3,"minecraft:furnace":4,"minecraft:egg":6,"minecraft:cooked_beef":18,"minecraft:cobbled_deepslate":71,"minecraft:cooked_mutton":3,"minecraft:water_bucket":22,"minecraft:diorite":5,"minecraft:stone_pickaxe":215,"minecraft:oak_planks":128,"minecraft:wooden_pickaxe":38,"minecraft:oak_slab":7,"minecraft:crafting_table":11,"cobblemon:black_apricorn_seed":5,"cobblemon:yellow_apricorn_seed":3,"minecraft:white_bed":6,"cobblemon:white_apricorn_seed":2,"cobblemon:green_apricorn_seed":3,"minecraft:iron_pickaxe":274,"minecraft:bread":81,"minecraft:gravel":1,"minecraft:stone_axe":158,"minecraft:cobblestone":74,"cobblemon:red_apricorn_seed":1,"minecraft:oak_boat":3,"minecraft:bucket":23,"minecraft:yellow_bed":1,"cobblemon:blue_apricorn_seed":7},"minecraft:custom":{"minecraft:mob_kills":100,"minecraft:interact_with_crafting_table":53,"minecraft:leave_game":5,"minecraft:time_since_death":249020,"minecraft:sprint_one_cm":969408,"minecraft:walk_one_cm":801186,"minecraft:damage_blocked_by_shield":2460,"minecraft:drop":87,"minecraft:play_time":498929,"minecraft:deaths":4,"minecraft:sneak_time":6394,"minecraft:walk_under_water_one_cm":39526,"minecraft:boat_one_cm":106155,"minecraft:jump":6731,"minecraft:walk_on_water_one_cm":39968,"minecraft:total_world_time":498929,"minecraft:interact_with_furnace":102,"minecraft:sleep_in_bed":24,"minecraft:time_since_rest":3606,"minecraft:damage_taken":4872,"minecraft:damage_dealt":19844,"minecraft:swim_one_cm":121342,"minecraft:fly_one_cm":1422732,"minecraft:open_chest":109,"minecraft:crouch_one_cm":12232,"minecraft:fall_one_cm":187271},"minecraft:killed_by":{"minecraft:zombie_villager":1,"minecraft:player":1,"minecraft:creeper":1,"minecraft:skeleton":1},"minecraft:mined":{"minecraft:tuff":10,"minecraft:white_bed":3,"minecraft:deepslate_diamond_ore":15,"minecraft:granite":20,"minecraft:grass_block":8,"minecraft:spruce_leaves":6,"minecraft:rooted_dirt":2,"minecraft:hay_block":57,"minecraft:redstone_ore":2,"minecraft:furnace":2,"minecraft:iron_ore":64,"minecraft:cobbled_deepslate":10,"minecraft:andesite":11,"minecraft:deepslate_lapis_ore":1,"cobblemon:medicinal_leek":4,"cobblemon:green_apricorn_sapling":1,"minecraft:deepslate_iron_ore":3,"minecraft:oak_stairs":2,"minecraft:stripped_oak_log":11,"minecraft:stone":150,"minecraft:deepslate_redstone_ore":8,"minecraft:oak_slab":1,"minecraft:glass_pane":1,"cobblemon:apricorn_leaves":5,"minecraft:crafting_table":3,"minecraft:torch":6,"minecraft:chest":1,"minecraft:copper_ore":21,"minecraft:tall_grass":16,"minecraft:cobblestone":3,"minecraft:deepslate_gold_ore":50,"minecraft:lapis_ore":6,"minecraft:oak_planks":39,"minecraft:sugar_cane":21,"minecraft:diorite":5,"minecraft:wall_torch":1,"minecraft:white_terracotta":8,"minecraft:coarse_dirt":2,"minecraft:cobblestone_wall":1,"cobblemon:deepslate_leaf_stone_ore":1,"minecraft:wheat":14,"minecraft:sweet_berry_bush":1,"minecraft:birch_leaves":3,"minecraft:yellow_bed":1,"minecraft:grass":143,"minecraft:coal_ore":40,"minecraft:oak_log":95,"minecraft:gravel":3,"minecraft:dirt":15,"cobblemon:sun_stone_ore":1,"minecraft:gold_ore":3,"minecraft:netherrack":2,"minecraft:oak_leaves":38,"minecraft:deepslate":62,"minecraft:fern":3,"minecraft:suspicious_gravel":2},"minecraft:crafted":{"cobblemon:exp_share":4,"minecraft:smooth_stone":18,"minecraft:oak_planks":260,"minecraft:cooked_chicken":1,"minecraft:furnace":1,"minecraft:stone":28,"minecraft:bone_meal":3,"minecraft:cooked_mutton":10,"minecraft:bow":1,"minecraft:iron_boots":1,"minecraft:iron_axe":1,"minecraft:stone_pickaxe":3,"minecraft:cobblestone_wall":18,"minecraft:chest":6,"minecraft:stone_hoe":1,"minecraft:wheat":252,"minecraft:cooked_beef":26,"minecraft:oak_slab":6,"minecraft:crafting_table":7,"minecraft:spruce_planks":40,"minecraft:wooden_pickaxe":1,"minecraft:iron_helmet":5,"minecraft:iron_sword":1,"minecraft:copper_ingot":36,"minecraft:bucket":1,"minecraft:stone_axe":1,"minecraft:bread":88,"minecraft:air":0,"minecraft:oak_boat":3,"minecraft:white_wool":1,"minecraft:iron_chestplate":1,"minecraft:shield":1,"minecraft:white_dye":1,"minecraft:stick":44,"minecraft:iron_ingot":66,"minecraft:iron_pickaxe":2,"minecraft:stone_sword":1,"minecraft:iron_leggings":1,"minecraft:gold_ingot":48,"minecraft:white_bed":1,"minecraft:torch":84,"cobblemon:ultra_ball":40,"cobblemon:great_ball":44},"minecraft:broken":{"minecraft:stone_sword":1,"minecraft:stone_axe":1},"minecraft:dropped":{"minecraft:stone_hoe":1,"minecraft:iron_ingot":4,"minecraft:wheat_seeds":37,"minecraft:cobblestone":9,"minecraft:rooted_dirt":2,"minecraft:leather":1,"minecraft:granite":4,"minecraft:copper_ingot":5,"cobblemon:oran_berry":3,"minecraft:flint":1,"minecraft:dirt":1,"minecraft:torch":38,"minecraft:mutton":4,"minecraft:iron_pickaxe":2,"cobblemon:great_ball":9,"minecraft:smooth_stone":6,"minecraft:white_wool":4,"cobblemon:red_apricorn":2,"minecraft:bone":5,"minecraft:gravel":1,"minecraft:coarse_dirt":2,"minecraft:cobbled_deepslate":28,"minecraft:tuff":6,"minecraft:blue_wool":1,"minecraft:rotten_flesh":14,"minecraft:oak_planks":3,"minecraft:poppy":4,"minecraft:shield":1,"minecraft:gunpowder":1,"minecraft:andesite":5,"minecraft:spider_eye":2,"minecraft:stone_pickaxe":2}},"DataVersion":3465}