{"stats":{"minecraft:dropped":{"minecraft:iron_sword":2,"minecraft:porkchop":1,"minecraft:glow_ink_sac":4,"minecraft:chorus_fruit":1,"minecraft:crafting_table":1,"minecraft:rooted_dirt":2,"minecraft:purpur_stairs":1,"minecraft:red_mushroom":9,"cobblemon:dusk_stone":1,"minecraft:packed_mud":4,"minecraft:dirt":20,"minecraft:gold_nugget":6,"minecraft:bone_meal":1,"minecraft:sand":10,"minecraft:iron_pickaxe":2,"cobblemon:great_ball":9,"minecraft:white_wool":4,"cobblemon:red_apricorn":2,"cobblemon:ultra_ball":2,"minecraft:bone":24,"minecraft:stone_axe":1,"minecraft:golden_chestplate":2,"minecraft:cobbled_deepslate":36,"minecraft:blue_wool":3,"minecraft:rotten_flesh":38,"minecraft:oak_planks":6,"minecraft:end_stone":11,"minecraft:egg":7,"minecraft:iron_ingot":5,"minecraft:wheat_seeds":59,"minecraft:iron_helmet":1,"minecraft:feather":6,"minecraft:cobblestone":13,"cobblemon:colbur_berry":1,"minecraft:granite":5,"cobblemon:kebia_berry":1,"minecraft:coal":1,"minecraft:mushroom_stew":1,"cobblemon:absorb_bulb":1,"minecraft:rabbit":2,"minecraft:mud":24,"minecraft:smooth_stone":6,"minecraft:string":3,"minecraft:lily_pad":2,"minecraft:moss_carpet":1,"minecraft:soul_soil":1,"minecraft:stone_sword":2,"minecraft:bowl":1,"minecraft:chicken":2,"minecraft:iron_boots":1,"cobblemon:quick_ball":4,"minecraft:name_tag":1,"minecraft:white_terracotta":2,"minecraft:blast_furnace":1,"minecraft:potato":38,"megamons:anistarite_rough_geode_block":11,"minecraft:cobblestone_slab":1,"cobblemon:healing_machine":1,"minecraft:diamond_pickaxe":2,"minecraft:spider_eye":5,"minecraft:stone_bricks":6,"minecraft:bow":1,"waystones:waystone":2,"minecraft:magma_block":1,"minecraft:crimson_nylium":1,"minecraft:diamond_axe":1,"minecraft:warped_fungus":1,"cobblemon:sun_stone":5,"cobblemon:thunder_stone":2,"minecraft:lantern":3,"minecraft:leather":17,"minecraft:honeycomb":1,"minecraft:flint":9,"minecraft:cobblestone_stairs":1,"minecraft:brush":1,"minecraft:mutton":6,"minecraft:crimson_roots":2,"minecraft:seagrass":2,"gravestone:obituary":45,"minecraft:gravel":85,"minecraft:white_tulip":1,"minecraft:mangrove_roots":2,"cobblemon:big_root":2,"cobblemon:apricorn_door":1,"minecraft:poppy":7,"minecraft:rabbit_hide":3,"minecraft:gunpowder":6,"cobblemon:rawst_berry":4,"minecraft:iron_bars":1,"minecraft:netherrack":6,"minecraft:bread":33,"minecraft:water_bucket":1,"minecraft:stone_hoe":1,"minecraft:golden_helmet":2,"minecraft:mossy_cobblestone":1,"minecraft:copper_ingot":5,"minecraft:tropical_fish":1,"cobblemon:oran_berry":15,"minecraft:stick":4,"minecraft:diorite":2,"minecraft:torch":38,"minecraft:nether_wart_block":1,"minecraft:smooth_quartz":3,"cobblemon:ice_stone":1,"minecraft:iron_leggings":3,"minecraft:iron_axe":1,"minecraft:pink_petals":3,"minecraft:tripwire_hook":2,"minecraft:dandelion":1,"minecraft:redstone":6,"minecraft:coarse_dirt":3,"minecraft:tuff":9,"minecraft:raw_iron":1,"megamons:anistarite_geode_block":14,"minecraft:flint_and_steel":1,"minecraft:filled_map":4,"minecraft:muddy_mangrove_roots":6,"minecraft:shield":1,"minecraft:mud_bricks":1,"cobblemon:leppa_berry":2,"minecraft:andesite":39,"minecraft:mossy_stone_bricks":6,"minecraft:oak_sapling":1,"minecraft:raw_gold":4,"minecraft:stone_pickaxe":4,"minecraft:wooden_pickaxe":1,"minecraft:magma_cream":2,"minecraft:brick":6},"minecraft:killed":{"minecraft:cave_spider":3,"minecraft:shulker":8,"minecraft:skeleton":33,"minecraft:chicken":4,"minecraft:magma_cube":11,"minecraft:salmon":1,"minecraft:iron_golem":9,"minecraft:ender_dragon":1,"minecraft:pillager":4,"minecraft:zombie":107,"minecraft:cow":25,"minecraft:husk":1,"minecraft:enderman":35,"minecraft:zombified_piglin":1,"minecraft:witch":3,"minecraft:spider":22,"minecraft:silverfish":1,"minecraft:turtle":1,"minecraft:piglin":2,"minecraft:pig":2,"minecraft:zombie_villager":2,"minecraft:creeper":5,"minecraft:sheep":16,"minecraft:ghast":2,"minecraft:slime":8,"minecraft:phantom":6,"minecraft:drowned":6,"cobblemon:pokemon":99,"minecraft:wither_skeleton":11},"minecraft:mined":{"minecraft:dragon_wall_head":1,"cobblemon:pasture":1,"minecraft:white_bed":10,"cobblemon:dawn_stone_ore":2,"minecraft:obsidian":2,"minecraft:granite":78,"minecraft:red_sand":12,"cobblemon:coba_berry":2,"megamons:crystal_dusk_stone_ore":3,"minecraft:spawner":3,"minecraft:weeping_vines_plant":3,"minecraft:tall_seagrass":9,"minecraft:magma_block":5,"minecraft:cobbled_deepslate":11,"minecraft:fire":76,"minecraft:deepslate_lapis_ore":1,"minecraft:polished_deepslate_slab":17,"minecraft:oak_stairs":2,"megamons:crystal_ice_stone_ore":4,"minecraft:player_head":5,"minecraft:brown_mushroom":17,"minecraft:player_wall_head":1,"minecraft:crimson_nylium":21,"minecraft:soul_fire":12,"minecraft:amethyst_cluster":3,"minecraft:torch":13,"minecraft:blast_furnace":7,"cobblemon:monitor":3,"megamons:crystal_moon_stone_ore":3,"minecraft:sugar_cane":21,"minecraft:amethyst_block":72,"minecraft:white_terracotta":8,"minecraft:verdant_froglight":1,"minecraft:mud":74,"cobblemon:deepslate_leaf_stone_ore":2,"minecraft:wheat":14,"minecraft:jukebox":1,"minecraft:warped_fungus":15,"minecraft:potted_poppy":1,"minecraft:grass":245,"cobblemon:thunder_stone_ore":2,"minecraft:smooth_quartz":3,"minecraft:smooth_basalt":50,"minecraft:stonecutter":1,"minecraft:deepslate":550,"minecraft:suspicious_gravel":9,"cobblemon:healing_machine":22,"minecraft:light_gray_stained_glass_pane":2,"minecraft:mossy_cobblestone":1,"minecraft:stripped_birch_log":2,"minecraft:end_stone":17,"minecraft:shulker_box":23,"minecraft:nether_bricks":35,"minecraft:crimson_roots":4,"cobblemon:fossil_analyzer":1,"minecraft:red_mushroom":20,"minecraft:redstone_ore":2,"minecraft:packed_mud":1,"minecraft:andesite":67,"minecraft:cobblestone_slab":1,"minecraft:vine":2,"cobblemon:nether_fire_stone_ore":2,"minecraft:bamboo":11,"minecraft:bone_block":10,"megamons:crystal_thunder_stone_ore":7,"minecraft:smithing_table":1,"megamons:anistarite_rough_geode_block":15,"minecraft:mud_brick_slab":2,"minecraft:oak_slab":12,"minecraft:glass_pane":1,"minecraft:soul_sand":43,"minecraft:stone_brick_slab":1,"minecraft:dandelion":1,"minecraft:emerald_ore":2,"minecraft:warped_roots":4,"minecraft:copper_ore":31,"minecraft:tall_grass":29,"minecraft:deepslate_gold_ore":50,"minecraft:diorite":26,"cobblemon:relic_coin_pouch":16,"minecraft:warped_wart_block":4,"minecraft:red_terracotta":5,"minecraft:coarse_dirt":3,"minecraft:cobblestone_wall":1,"minecraft:birch_leaves":10,"minecraft:mangrove_leaves":12,"megamons:crystal_sun_stone_ore":1,"minecraft:gravel":303,"minecraft:cobweb":20,"cobblemon:sun_stone_ore":2,"minecraft:stone_bricks":11,"minecraft:gold_ore":3,"minecraft:iron_trapdoor":1,"minecraft:fern":6,"minecraft:large_amethyst_bud":1,"minecraft:cobblestone_stairs":1,"cobblemon:big_root":2,"cobblemon:pc":13,"cobblemon:apricorn_log":10,"minecraft:brewing_stand":1,"megamons:crystal_shiny_stone_ore":3,"minecraft:budding_amethyst":8,"minecraft:stripped_crimson_hyphae":3,"minecraft:grass_block":68,"minecraft:soul_soil":31,"minecraft:mud_bricks":5,"minecraft:raw_iron_block":1,"minecraft:glowstone":9,"minecraft:iron_ore":75,"minecraft:anvil":1,"cobblemon:medicinal_leek":5,"minecraft:pointed_dripstone":4,"cobblemon:green_apricorn_sapling":1,"cobblemon:yellow_apricorn":1,"minecraft:iron_bars":14,"minecraft:end_stone_bricks":2,"minecraft:deepslate_redstone_ore":12,"minecraft:gray_terracotta":1,"megamons:anistarite_geode_block":176,"minecraft:polished_deepslate_stairs":52,"minecraft:purpur_stairs":1,"cobblemon:apricorn_leaves":75,"minecraft:calcite":654,"minecraft:chest":10,"megamons:garchompite_crystal_ore":1,"minecraft:nether_quartz_ore":13,"minecraft:cobblestone":127,"minecraft:birch_wood":1,"minecraft:oak_planks":225,"minecraft:iron_door":19,"minecraft:wall_torch":8,"minecraft:pink_petals":1,"minecraft:seagrass":4,"minecraft:warped_nylium":11,"minecraft:blue_terracotta":13,"minecraft:nether_wart_block":4,"minecraft:birch_log":15,"minecraft:tnt":3,"minecraft:purpur_block":11,"cobblemon:dusk_stone_ore":1,"minecraft:oak_log":340,"minecraft:sand":81,"minecraft:dirt":284,"minecraft:netherrack":1423,"minecraft:oak_leaves":104,"minecraft:nether_gold_ore":18,"minecraft:tuff":22,"minecraft:deepslate_diamond_ore":27,"minecraft:mangrove_roots":3,"gravestone:gravestone":30,"minecraft:decorated_pot":18,"megamons:crystal_water_stone_ore":5,"minecraft:weeping_vines":1,"megamons:scizorite_crystal_ore":2,"minecraft:polished_andesite_slab":2,"minecraft:spruce_leaves":10,"minecraft:rooted_dirt":2,"minecraft:hay_block":162,"minecraft:oak_trapdoor":2,"minecraft:furnace":6,"minecraft:gold_block":13,"minecraft:nether_brick_fence":2,"minecraft:polished_deepslate":29,"minecraft:bookshelf":65,"minecraft:deepslate_iron_ore":26,"minecraft:lantern":4,"minecraft:stripped_oak_log":16,"minecraft:stone":1057,"minecraft:white_tulip":1,"megamons:crystal_leaf_stone_ore":2,"minecraft:podzol":1,"minecraft:scaffolding":3,"minecraft:infested_stone_bricks":3,"minecraft:basalt":15,"minecraft:crafting_table":10,"minecraft:honey_block":3,"minecraft:lapis_ore":6,"minecraft:lily_pad":2,"cobblemon:apricorn_door":4,"minecraft:sweet_berry_bush":1,"minecraft:yellow_bed":1,"minecraft:muddy_mangrove_roots":15,"megamons:crystal_dawn_stone_ore":4,"minecraft:coal_ore":86,"minecraft:cracked_stone_bricks":1,"minecraft:mossy_stone_bricks":4,"minecraft:birch_fence":14},"minecraft:custom":{"minecraft:interact_with_crafting_table":182,"minecraft:open_barrel":3,"minecraft:leave_game":68,"minecraft:time_since_death":12880,"minecraft:damage_blocked_by_shield":8628,"minecraft:play_time":2912698,"minecraft:deaths":37,"minecraft:jump":35058,"minecraft:interact_with_furnace":144,"minecraft:traded_with_villager":3,"minecraft:sleep_in_bed":67,"minecraft:waystone_activated":17,"minecraft:damage_dealt":91695,"minecraft:interact_with_smoker":8,"minecraft:inspect_dispenser":3,"minecraft:interact_with_smithing_table":3,"minecraft:sneak_time":79508,"minecraft:interact_with_blast_furnace":12,"minecraft:total_world_time":2912698,"minecraft:interact_with_stonecutter":2,"minecraft:time_since_rest":12914,"minecraft:swim_one_cm":1044153,"minecraft:fly_one_cm":8503259,"minecraft:open_chest":998,"minecraft:fall_one_cm":800080,"minecraft:open_shulker_box":77,"minecraft:sprint_one_cm":3671921,"minecraft:drop":396,"minecraft:talked_to_villager":54,"minecraft:interact_with_brewingstand":1,"minecraft:walk_on_water_one_cm":794481,"minecraft:open_enderchest":1,"minecraft:player_kills":1,"minecraft:crouch_one_cm":262037,"minecraft:mob_kills":439,"minecraft:damage_dealt_resisted":3,"minecraft:climb_one_cm":72789,"minecraft:walk_one_cm":4267674,"minecraft:walk_under_water_one_cm":408664,"minecraft:boat_one_cm":124421,"minecraft:damage_taken":33438,"minecraft:damage_absorbed":79},"minecraft:killed_by":{"minecraft:zombie_villager":1,"minecraft:zombie":2,"minecraft:ender_dragon":4,"minecraft:shulker":1,"minecraft:ghast":1,"minecraft:creeper":2,"minecraft:player":9,"minecraft:enderman":1,"minecraft:hoglin":1,"minecraft:skeleton":7},"minecraft:picked_up":{"cobblemon:remedy":2,"minecraft:seagrass":2,"minecraft:iron_chestplate":1,"minecraft:flower_pot":1,"minecraft:anvil":1,"minecraft:smithing_table":1,"minecraft:oak_stairs":2,"minecraft:enchanted_book":3,"minecraft:brewing_stand":1,"minecraft:amethyst_block":67,"minecraft:polished_deepslate":29,"megamons:raw_scizorite":2,"minecraft:string":88,"minecraft:soul_soil":51,"cobblemon:burn_heal":2,"minecraft:diamond_leggings":2,"minecraft:gold_nugget":84,"minecraft:cobbled_deepslate":576,"cobblemon:exp_candy_s":13,"cobblemon:white_apricorn_seed":6,"cobblemon:oran_berry":533,"cobblemon:heal_powder":1,"minecraft:enchanted_golden_apple":1,"cobblemon:big_root":8,"cobblemon:quick_ball":42,"cobblemon:dome_sherd":2,"minecraft:golden_helmet":2,"cobblemon:spell_tag":1,"cobblemon:pc":15,"minecraft:jukebox":1,"minecraft:golden_chestplate":1,"minecraft:stone_sword":4,"cobblemon:nostalgic_sherd":6,"minecraft:tropical_fish":1,"cobblemon:ancient_great_ball":3,"minecraft:white_terracotta":10,"minecraft:blaze_rod":5,"minecraft:iron_bars":14,"minecraft:birch_log":12,"minecraft:magma_block":2,"minecraft:feather":35,"minecraft:cooked_beef":24,"minecraft:iron_door":19,"minecraft:water_bucket":5,"minecraft:brown_wool":10,"minecraft:flint":23,"cobblemon:bygone_sherd":3,"minecraft:lantern":16,"cobblemon:passho_berry":2,"cobblemon:colbur_berry":1,"minecraft:gray_terracotta":1,"minecraft:stonecutter":1,"cobblemon:fossilized_bird":2,"minecraft:rabbit":11,"minecraft:diamond_helmet":2,"minecraft:glowstone_dust":85,"minecraft:honeycomb":1,"cobblemon:beast_ball":5,"cobblemon:sun_stone":16,"minecraft:warped_wart_block":4,"cobblemon:pecha_berry":72,"minecraft:ink_sac":2,"cobblemon:aspear_berry":10,"megamons:anistarite_rough_geode_block":18,"minecraft:iron_hoe":1,"cobblemon:fairy_gem":3,"minecraft:blue_terracotta":9,"minecraft:granite":90,"cobblemon:apricorn_door":8,"cobblemon:rindo_berry":6,"minecraft:bread":126,"minecraft:rooted_dirt":2,"minecraft:diamond_pickaxe":5,"minecraft:crimson_roots":3,"minecraft:mud":55,"minecraft:crafting_table":14,"minecraft:coarse_dirt":3,"minecraft:nether_wart":18,"minecraft:clay_ball":2,"cobblemon:yellow_apricorn":142,"minecraft:dragon_head":1,"gravestone:obituary":19,"minecraft:purpur_block":11,"cobblemon:mystic_water":1,"minecraft:elytra":1,"cobblemon:lum_berry":6,"minecraft:flint_and_steel":5,"minecraft:glass_pane":8,"cobblemon:root_fossil":3,"minecraft:beef":78,"cobblemon:relic_coin":410,"minecraft:iron_nugget":27,"minecraft:poppy":7,"cobblemon:helix_sherd":2,"cobblemon:tumblestone":14,"minecraft:chest":8,"minecraft:birch_sapling":1,"cobblemon:green_apricorn_seed":4,"minecraft:egg":34,"minecraft:polished_deepslate_slab":17,"cobblemon:rawst_berry":5,"minecraft:carrot":1,"minecraft:redstone":126,"cobblemon:sweet_apple":1,"minecraft:tnt":5,"minecraft:diamond_chestplate":2,"minecraft:cooked_cod":5,"cobblemon:everstone":1,"minecraft:shears":2,"minecraft:diamond_boots":3,"minecraft:hay_block":193,"minecraft:gold_ingot":145,"minecraft:heartbreak_pottery_sherd":1,"minecraft:mutton":41,"cobblemon:absorb_bulb":1,"minecraft:glow_berries":3,"minecraft:white_wool":54,"cobblemon:blue_apricorn":106,"cobblemon:tanga_berry":24,"minecraft:bone_block":20,"minecraft:oxeye_daisy":1,"minecraft:stripped_oak_log":16,"minecraft:mud_bricks":4,"cobblemon:full_heal":1,"minecraft:tripwire_hook":2,"minecraft:red_mushroom":44,"minecraft:filled_map":2,"minecraft:packed_mud":9,"minecraft:purpur_stairs":1,"minecraft:lily_pad":5,"minecraft:oak_log":389,"cobblemon:peat_block":1,"minecraft:golden_boots":1,"minecraft:white_banner":1,"cobblemon:pink_apricorn_seed":1,"minecraft:apple":26,"minecraft:stone_bricks":13,"minecraft:stone_pickaxe":4,"minecraft:iron_sword":7,"cobblemon:sky_tumblestone":1,"cobbledex:cobbledex_item":3,"cobblemon:chilan_berry":7,"cobblemon:skull_fossil":2,"cobblemon:red_apricorn_seed":2,"cobblemon:chipped_pot":1,"minecraft:smooth_basalt":45,"cobblemon:capture_sherd":1,"cobblemon:blue_apricorn_seed":8,"minecraft:gravel":263,"cobblemon:cheri_berry":54,"cobblemon:pink_apricorn":64,"minecraft:spruce_log":1,"cobblemon:fossilized_drake":1,"minecraft:dragon_egg":3,"cobblemon:hyper_potion":5,"minecraft:diamond_shovel":3,"minecraft:slime_ball":6,"minecraft:stone_axe":2,"minecraft:rib_armor_trim_smithing_template":1,"minecraft:diamond_axe":2,"minecraft:gray_wool":3,"minecraft:warped_roots":17,"cobblemon:pasture":1,"cobblemon:silk_scarf":1,"minecraft:warped_nylium":10,"minecraft:crimson_nylium":1,"minecraft:mangrove_propagule":3,"minecraft:ender_pearl":28,"minecraft:shulker_shell":4,"cobblemon:leaf_stone":4,"minecraft:wheat":19,"minecraft:iron_trapdoor":1,"minecraft:nether_brick_fence":2,"cobblemon:red_apricorn":59,"cobblemon:wepear_berry":8,"minecraft:raw_copper":288,"minecraft:iron_leggings":3,"cobblemon:kings_rock":2,"minecraft:red_sand":12,"minecraft:bucket":1,"minecraft:white_tulip":1,"minecraft:cobblestone_slab":1,"minecraft:ender_eye":8,"minecraft:calcite":621,"cobblemon:black_sludge":1,"minecraft:smooth_quartz":3,"minecraft:iron_pickaxe":2,"minecraft:iron_boots":1,"minecraft:furnace":9,"minecraft:blue_wool":5,"minecraft:stick":22,"cobblemon:apricorn_log":10,"minecraft:polished_deepslate_stairs":48,"minecraft:torch":152,"minecraft:porkchop":10,"minecraft:pointed_dripstone":2,"minecraft:diorite":20,"minecraft:rotten_flesh":98,"minecraft:mangrove_roots":5,"minecraft:obsidian":17,"cobblemon:fairy_feather":1,"minecraft:cobblestone":1244,"minecraft:enchanting_table":1,"minecraft:pink_petals":3,"minecraft:muddy_mangrove_roots":10,"cobblemon:great_ball":19,"cobblemon:ultra_ball":134,"minecraft:magma_cream":2,"minecraft:andesite":81,"cobblemon:shell_bell":1,"minecraft:potato":74,"minecraft:tuff":16,"cobblemon:bluk_berry":24,"cobblemon:dragon_gem":2,"cobblemon:deep_sea_tooth":1,"megamons:anistarite_geode_block":239,"minecraft:lapis_lazuli":143,"minecraft:dirt":330,"cobblemon:x_special_attack":2,"minecraft:name_tag":3,"minecraft:bone":118,"cobblemon:power_herb":1,"minecraft:orange_tulip":3,"minecraft:bow":6,"minecraft:wheat_seeds":95,"cobblemon:black_apricorn":222,"minecraft:raw_gold":60,"minecraft:bell":2,"minecraft:birch_wood":1,"cobblemon:thunder_stone":18,"minecraft:mossy_stone_bricks":7,"cobblemon:mirror_herb":2,"minecraft:bamboo":89,"cobblemon:moon_stone":6,"minecraft:oak_planks":259,"cobblemon:apricorn_planks":14,"minecraft:ghast_tear":2,"minecraft:cooked_porkchop":3,"cobblemon:fossil_analyzer":1,"cobblemon:fire_stone":4,"cobblemon:shiny_stone":5,"minecraft:sand":78,"cobblemon:persim_berry":192,"minecraft:grass_block":3,"cobblemon:leppa_berry":6,"minecraft:shulker_box":23,"minecraft:mossy_cobblestone":1,"cobblemon:healing_machine":32,"minecraft:diamond":71,"waystones:waystone":17,"minecraft:bone_meal":5,"cobblemon:ice_stone":7,"minecraft:emerald":5,"minecraft:oak_sapling":20,"cobblemon:medicinal_leek":16,"cobblemon:chesto_berry":45,"minecraft:netherrack":1481,"minecraft:chorus_fruit":1,"cobblemon:apricorn_leaves":66,"cobblemon:energy_root":2,"minecraft:end_stone_bricks":2,"cobblemon:mental_herb":2,"minecraft:mud_brick_slab":12,"cobblemon:antidote":2,"cobblemon:charcoal_stick":1,"minecraft:splash_potion":1,"minecraft:chicken":52,"minecraft:brown_mushroom":29,"minecraft:wooden_pickaxe":2,"minecraft:gold_block":14,"minecraft:brick":6,"minecraft:shield":8,"megamons:raw_garchompite":1,"minecraft:oak_trapdoor":2,"minecraft:moss_carpet":1,"minecraft:iron_axe":1,"cobblemon:white_apricorn":165,"minecraft:birch_fence":14,"cobblemon:link_cable":1,"cobblemon:green_apricorn":39,"minecraft:oak_boat":25,"minecraft:player_head":6,"cobblemon:dusk_stone":6,"minecraft:sugar_cane":70,"minecraft:phantom_membrane":2,"minecraft:stripped_crimson_hyphae":3,"minecraft:raw_iron":140,"minecraft:end_stone":17,"minecraft:copper_ingot":43,"minecraft:bowl":3,"cobblemon:dawn_stone":8,"minecraft:weeping_vines":2,"minecraft:arrow":52,"minecraft:nether_bricks":31,"cobblemon:revive":11,"minecraft:air":0,"minecraft:basalt":7,"cobblemon:flying_gem":3,"minecraft:burn_pottery_sherd":3,"minecraft:glow_ink_sac":4,"minecraft:salmon":22,"minecraft:leather":69,"cobblemon:kebia_berry":37,"minecraft:mushroom_stew":2,"minecraft:gunpowder":11,"minecraft:yellow_bed":2,"minecraft:nether_wart_block":4,"minecraft:cobblestone_wall":1,"minecraft:cobblestone_stairs":1,"minecraft:cooked_mutton":10,"cobblemon:exp_share":1,"minecraft:rabbit_hide":13,"minecraft:heart_of_the_sea":3,"minecraft:iron_ingot":250,"minecraft:polished_andesite_slab":1,"minecraft:soul_sand":68,"sophisticatedbackpacks:diamond_backpack":2,"minecraft:book":197,"minecraft:scaffolding":3,"minecraft:oak_slab":14,"cobblemon:exp_candy_xs":6,"minecraft:warped_fungus":18,"minecraft:brush":3,"cobblemon:black_apricorn_seed":14,"minecraft:quartz":24,"minecraft:dandelion":2,"minecraft:raw_iron_block":1,"cobblemon:yellow_apricorn_seed":13,"minecraft:amethyst_shard":22,"minecraft:blast_furnace":8,"minecraft:white_bed":12,"cobblemon:monitor":3,"minecraft:spider_eye":8,"minecraft:honey_block":4,"minecraft:iron_helmet":1,"cobblemon:damp_rock":1,"minecraft:terracotta":3,"cobblemon:water_stone":9,"minecraft:coal":136},"minecraft:crafted":{"minecraft:smooth_stone":21,"minecraft:blaze_powder":10,"cobblemon:apricorn_planks":40,"minecraft:bookshelf":20,"minecraft:cooked_mutton":10,"minecraft:shulker_box":2,"minecraft:iron_bars":32,"cobblemon:thunder_stone":1,"minecraft:glass":68,"cobblemon:restoration_tank":1,"cobblemon:pasture":1,"minecraft:diamond_axe":1,"minecraft:copper_ingot":80,"minecraft:polished_deepslate_slab":18,"cobblemon:quick_ball":44,"minecraft:iron_pickaxe":3,"minecraft:gold_ingot":117,"cobblemon:fossil_analyzer":1,"minecraft:composter":1,"cobblemon:revive":1,"cobblemon:display_case":2,"cobblemon:exp_share":4,"minecraft:smooth_stone_slab":6,"minecraft:iron_nugget":18,"minecraft:polished_deepslate_stairs":192,"minecraft:bone_meal":3,"megamons:mega_cuff":1,"minecraft:stone_pickaxe":4,"minecraft:diamond_boots":1,"minecraft:wheat":632,"minecraft:enchanting_table":1,"sophisticatedbackpacks:gold_backpack":1,"cobblemon:moon_stone":1,"cobblemon:apricorn_door":6,"minecraft:wooden_axe":3,"minecraft:oak_stairs":92,"minecraft:iron_leggings":2,"minecraft:white_bed":2,"cobblemon:ultra_ball":136,"minecraft:oak_planks":1268,"minecraft:cooked_chicken":26,"minecraft:stone":38,"minecraft:hopper":1,"cobbledex:cobbledex_item":2,"minecraft:bow":1,"minecraft:iron_boots":1,"minecraft:chest":32,"minecraft:stone_hoe":1,"minecraft:ender_eye":10,"minecraft:golden_boots":1,"minecraft:smoker":3,"minecraft:oak_slab":84,"minecraft:item_frame":8,"sophisticatedbackpacks:backpack":1,"minecraft:crafting_table":24,"minecraft:spruce_planks":44,"minecraft:wooden_pickaxe":4,"minecraft:iron_helmet":6,"megamons:key_stone":1,"minecraft:brush":2,"minecraft:birch_planks":4,"minecraft:book":1,"minecraft:iron_chestplate":1,"minecraft:paper":3,"minecraft:diamond_pickaxe":1,"minecraft:shield":3,"sophisticatedbackpacks:diamond_backpack":1,"minecraft:stick":148,"minecraft:iron_ingot":66,"minecraft:stone_sword":2,"minecraft:redstone_torch":1,"minecraft:shears":1,"minecraft:raw_iron":9,"minecraft:furnace":12,"minecraft:mushroom_stew":11,"minecraft:glass_pane":32,"minecraft:oak_trapdoor":2,"minecraft:polished_deepslate":456,"minecraft:iron_axe":2,"minecraft:iron_hoe":1,"minecraft:cobblestone_wall":18,"sophisticatedbackpacks:iron_backpack":1,"minecraft:cooked_beef":26,"minecraft:crimson_planks":12,"minecraft:diamond_sword":1,"minecraft:iron_sword":2,"minecraft:bowl":8,"minecraft:bucket":2,"minecraft:stone_axe":1,"cobblemon:monitor":1,"minecraft:bread":214,"minecraft:air":0,"minecraft:oak_boat":4,"minecraft:white_wool":4,"minecraft:gold_nugget":9,"minecraft:white_dye":1,"minecraft:stonecutter":1,"minecraft:torch":104,"cobblemon:great_ball":44},"minecraft:broken":{"minecraft:golden_boots":1,"minecraft:diamond_helmet":1,"minecraft:iron_chestplate":1,"minecraft:iron_leggings":1,"minecraft:iron_sword":1,"minecraft:stone_sword":1,"minecraft:wooden_pickaxe":1,"minecraft:shield":3,"minecraft:iron_axe":1,"minecraft:iron_pickaxe":2,"minecraft:iron_helmet":1,"minecraft:golden_helmet":1,"minecraft:stone_axe":1,"minecraft:wooden_axe":3},"minecraft:used":{"megamons:anistarite_rough_geode_block":3,"minecraft:chest":36,"minecraft:stone":2,"minecraft:rotten_flesh":11,"minecraft:lava_bucket":30,"minecraft:bow":31,"minecraft:oak_sapling":3,"minecraft:furnace":16,"minecraft:cooked_cod":5,"minecraft:egg":7,"minecraft:diorite":18,"minecraft:wooden_pickaxe":191,"minecraft:golden_apple":2,"minecraft:blast_furnace":7,"cobblemon:yellow_apricorn_seed":8,"minecraft:polished_andesite_slab":1,"minecraft:nether_wart_block":2,"cobblemon:red_apricorn_seed":2,"minecraft:oak_boat":28,"minecraft:oak_trapdoor":4,"minecraft:iron_bars":23,"minecraft:enchanting_table":1,"minecraft:stone_sword":309,"cobblemon:display_case":2,"minecraft:cooked_salmon":4,"minecraft:netherrack":877,"minecraft:torch":187,"cobblemon:pasture":2,"minecraft:dragon_egg":1,"minecraft:anvil":1,"minecraft:iron_axe":175,"cobblemon:pink_apricorn_seed":2,"minecraft:mud_bricks":2,"cobblemon:pc":8,"minecraft:diamond_chestplate":1,"minecraft:beef":3,"minecraft:cobbled_deepslate":72,"minecraft:calcite":410,"minecraft:water_bucket":142,"minecraft:polished_deepslate_slab":35,"minecraft:crafting_table":35,"minecraft:oak_slab":83,"cobblemon:black_apricorn_seed":10,"minecraft:white_bed":14,"cobblemon:healing_machine":6,"minecraft:oak_log":10,"minecraft:ender_eye":18,"minecraft:diamond_pickaxe":4148,"minecraft:oxeye_daisy":1,"minecraft:diamond_shovel":759,"minecraft:iron_pickaxe":723,"minecraft:cobblestone":777,"cobblemon:fossil_analyzer":2,"minecraft:cooked_porkchop":3,"minecraft:glass_pane":6,"minecraft:brush":163,"minecraft:dandelion":1,"minecraft:diamond_leggings":1,"minecraft:jukebox":1,"cobblemon:blue_apricorn_seed":8,"minecraft:polished_deepslate":183,"minecraft:shield":135,"minecraft:white_terracotta":8,"minecraft:iron_sword":1214,"minecraft:player_head":5,"minecraft:iron_chestplate":1,"minecraft:nether_bricks":31,"minecraft:tuff":5,"minecraft:obsidian":2,"minecraft:polished_deepslate_stairs":236,"minecraft:glass":40,"minecraft:lantern":9,"minecraft:packed_mud":1,"cobblemon:apricorn_door":9,"minecraft:crimson_roots":1,"minecraft:item_frame":8,"minecraft:warped_fungus":16,"minecraft:diamond_boots":1,"minecraft:stone_pickaxe":262,"minecraft:oak_planks":626,"minecraft:ender_pearl":14,"minecraft:diamond_axe":573,"minecraft:mushroom_stew":10,"megamons:anistarite_geode_block":20,"cobblemon:restoration_tank":1,"minecraft:shears":65,"waystones:waystone":11,"cobblemon:green_apricorn_seed":4,"minecraft:bread":355,"minecraft:gravel":3,"minecraft:golden_helmet":1,"minecraft:andesite":19,"minecraft:smooth_stone_slab":2,"minecraft:flint_and_steel":39,"minecraft:stone_hoe":65,"minecraft:cooked_chicken":13,"minecraft:dirt":182,"minecraft:diamond_helmet":2,"minecraft:cobblestone_wall":19,"minecraft:shulker_box":23,"minecraft:granite":18,"minecraft:iron_hoe":132,"minecraft:wooden_axe":100,"minecraft:bookshelf":20,"minecraft:oak_stairs":42,"minecraft:golden_carrot":8,"minecraft:soul_soil":5,"minecraft:cooked_beef":33,"minecraft:cooked_mutton":20,"cobblemon:monitor":4,"minecraft:stonecutter":2,"minecraft:terracotta":3,"cobblemon:white_apricorn_seed":6,"minecraft:smoker":3,"minecraft:gray_terracotta":1,"cobblemon:apricorn_leaves":42,"minecraft:apple":62,"minecraft:chicken":1,"minecraft:stone_axe":158,"minecraft:bucket":174,"minecraft:yellow_bed":1,"minecraft:gray_wool":1,"minecraft:splash_potion":1}},"DataVersion":3465}