{"stats":{"minecraft:mined":{"minecraft:white_bed":3,"cobblemon:pc":7,"minecraft:obsidian":2,"minecraft:granite":20,"minecraft:grass_block":8,"minecraft:soul_soil":5,"minecraft:spawner":1,"minecraft:weeping_vines_plant":3,"minecraft:glowstone":9,"minecraft:iron_ore":64,"minecraft:cobbled_deepslate":10,"minecraft:fire":41,"minecraft:deepslate_lapis_ore":1,"cobblemon:medicinal_leek":4,"cobblemon:green_apricorn_sapling":1,"minecraft:oak_stairs":2,"minecraft:player_head":4,"minecraft:deepslate_redstone_ore":8,"minecraft:gray_terracotta":1,"minecraft:brown_mushroom":17,"minecraft:crimson_nylium":21,"minecraft:soul_fire":12,"minecraft:torch":6,"cobblemon:apricorn_leaves":5,"minecraft:chest":1,"minecraft:nether_quartz_ore":11,"minecraft:cobblestone":3,"minecraft:sugar_cane":21,"minecraft:oak_planks":40,"minecraft:wall_torch":1,"minecraft:white_terracotta":8,"minecraft:warped_nylium":11,"minecraft:nether_wart_block":4,"cobblemon:deepslate_leaf_stone_ore":1,"minecraft:wheat":14,"minecraft:warped_fungus":15,"minecraft:grass":159,"minecraft:oak_log":95,"minecraft:sand":3,"minecraft:dirt":16,"minecraft:netherrack":651,"minecraft:oak_leaves":40,"minecraft:deepslate":62,"minecraft:suspicious_gravel":2,"minecraft:nether_gold_ore":18,"cobblemon:healing_machine":18,"minecraft:tuff":10,"minecraft:deepslate_diamond_ore":15,"gravestone:gravestone":5,"minecraft:nether_bricks":35,"minecraft:crimson_roots":4,"minecraft:weeping_vines":1,"minecraft:spruce_leaves":6,"minecraft:red_mushroom":20,"minecraft:rooted_dirt":2,"minecraft:hay_block":162,"minecraft:redstone_ore":2,"minecraft:furnace":2,"minecraft:andesite":11,"minecraft:gold_block":2,"minecraft:nether_brick_fence":2,"minecraft:deepslate_iron_ore":3,"cobblemon:nether_fire_stone_ore":2,"minecraft:stripped_oak_log":11,"minecraft:stone":152,"minecraft:bone_block":10,"minecraft:oak_slab":1,"minecraft:glass_pane":1,"minecraft:basalt":15,"minecraft:crafting_table":8,"minecraft:warped_roots":4,"minecraft:tall_grass":16,"minecraft:copper_ore":21,"minecraft:lapis_ore":6,"minecraft:deepslate_gold_ore":50,"minecraft:diorite":5,"cobblemon:relic_coin_pouch":1,"minecraft:warped_wart_block":4,"minecraft:coarse_dirt":2,"minecraft:cobblestone_wall":1,"minecraft:sweet_berry_bush":1,"minecraft:birch_leaves":3,"minecraft:yellow_bed":1,"minecraft:coal_ore":40,"minecraft:gravel":17,"cobblemon:sun_stone_ore":1,"minecraft:gold_ore":3,"minecraft:fern":3},"minecraft:crafted":{"minecraft:smooth_stone":18,"minecraft:oak_planks":356,"minecraft:cooked_chicken":1,"minecraft:stone":28,"minecraft:cooked_mutton":10,"cobblemon:thunder_stone":1,"minecraft:bow":1,"minecraft:iron_boots":1,"minecraft:chest":8,"minecraft:stone_hoe":1,"minecraft:golden_boots":1,"minecraft:oak_slab":6,"minecraft:crafting_table":15,"minecraft:spruce_planks":44,"minecraft:wooden_pickaxe":3,"minecraft:iron_helmet":5,"minecraft:copper_ingot":36,"cobblemon:quick_ball":28,"minecraft:iron_chestplate":1,"minecraft:diamond_pickaxe":1,"minecraft:shield":2,"minecraft:stick":68,"minecraft:iron_ingot":66,"minecraft:iron_pickaxe":3,"minecraft:stone_sword":2,"minecraft:gold_ingot":72,"cobblemon:revive":1,"cobblemon:exp_share":4,"minecraft:iron_nugget":18,"minecraft:furnace":1,"minecraft:mushroom_stew":11,"minecraft:bone_meal":3,"minecraft:iron_axe":1,"minecraft:iron_hoe":1,"minecraft:stone_pickaxe":3,"minecraft:cobblestone_wall":18,"minecraft:wheat":623,"minecraft:cooked_beef":26,"minecraft:iron_sword":1,"minecraft:bowl":8,"minecraft:bucket":1,"minecraft:stone_axe":1,"minecraft:bread":214,"minecraft:air":0,"minecraft:oak_boat":4,"minecraft:white_wool":1,"minecraft:gold_nugget":9,"minecraft:white_dye":1,"minecraft:wooden_axe":3,"minecraft:iron_leggings":1,"minecraft:white_bed":1,"minecraft:torch":84,"cobblemon:ultra_ball":40,"cobblemon:great_ball":44},"minecraft:killed":{"minecraft:spider":9,"minecraft:skeleton":17,"minecraft:chicken":4,"minecraft:magma_cube":11,"minecraft:piglin":2,"minecraft:pig":1,"minecraft:zombie_villager":1,"minecraft:iron_golem":9,"minecraft:creeper":4,"minecraft:sheep":6,"minecraft:pillager":4,"minecraft:zombie":49,"minecraft:ghast":2,"minecraft:cow":14,"minecraft:husk":1,"minecraft:wither_skeleton":11,"minecraft:enderman":31},"minecraft:used":{"minecraft:chest":9,"minecraft:white_terracotta":8,"minecraft:shield":64,"minecraft:stone":2,"minecraft:iron_sword":259,"minecraft:player_head":1,"minecraft:iron_chestplate":1,"minecraft:nether_bricks":31,"minecraft:tuff":5,"minecraft:obsidian":2,"minecraft:lava_bucket":2,"minecraft:crimson_roots":1,"minecraft:bow":25,"minecraft:warped_fungus":16,"minecraft:oak_sapling":3,"minecraft:furnace":4,"minecraft:egg":6,"minecraft:diorite":5,"minecraft:stone_pickaxe":215,"minecraft:oak_planks":133,"minecraft:wooden_pickaxe":154,"minecraft:mushroom_stew":9,"cobblemon:yellow_apricorn_seed":3,"cobblemon:green_apricorn_seed":3,"minecraft:bread":139,"minecraft:gravel":1,"minecraft:nether_wart_block":2,"cobblemon:red_apricorn_seed":1,"minecraft:oak_boat":28,"minecraft:stone_sword":261,"minecraft:cooked_chicken":1,"minecraft:stone_hoe":65,"minecraft:netherrack":651,"minecraft:torch":127,"minecraft:dirt":92,"minecraft:cobblestone_wall":19,"minecraft:granite":13,"minecraft:iron_hoe":112,"minecraft:wooden_axe":100,"minecraft:iron_axe":153,"cobblemon:pc":2,"minecraft:soul_soil":4,"minecraft:cooked_beef":26,"minecraft:cobbled_deepslate":71,"minecraft:cooked_mutton":10,"minecraft:water_bucket":23,"minecraft:oak_slab":7,"minecraft:crafting_table":24,"cobblemon:black_apricorn_seed":5,"minecraft:white_bed":6,"cobblemon:white_apricorn_seed":2,"cobblemon:healing_machine":1,"minecraft:gray_terracotta":1,"minecraft:diamond_pickaxe":268,"minecraft:iron_pickaxe":723,"minecraft:stone_axe":158,"minecraft:cobblestone":83,"minecraft:bucket":26,"minecraft:yellow_bed":1,"minecraft:dandelion":1,"cobblemon:blue_apricorn_seed":7},"minecraft:custom":{"minecraft:interact_with_crafting_table":76,"minecraft:open_barrel":3,"minecraft:leave_game":14,"minecraft:time_since_death":103178,"minecraft:sprint_one_cm":1517591,"minecraft:damage_blocked_by_shield":4308,"minecraft:drop":156,"minecraft:talked_to_villager":25,"minecraft:play_time":975678,"minecraft:deaths":10,"minecraft:jump":14169,"minecraft:walk_on_water_one_cm":63127,"minecraft:interact_with_furnace":109,"minecraft:traded_with_villager":2,"minecraft:sleep_in_bed":35,"minecraft:damage_dealt":42311,"minecraft:crouch_one_cm":86545,"minecraft:mob_kills":179,"minecraft:climb_one_cm":2105,"minecraft:walk_one_cm":1791352,"minecraft:sneak_time":29001,"minecraft:walk_under_water_one_cm":67368,"minecraft:boat_one_cm":124421,"minecraft:total_world_time":975678,"minecraft:time_since_rest":7783,"minecraft:damage_taken":9831,"minecraft:swim_one_cm":153169,"minecraft:fly_one_cm":2432850,"minecraft:open_chest":173,"minecraft:fall_one_cm":347295},"minecraft:killed_by":{"minecraft:ghast":1,"minecraft:zombie_villager":1,"minecraft:creeper":2,"minecraft:player":1,"minecraft:hoglin":1,"minecraft:skeleton":4},"minecraft:broken":{"minecraft:golden_helmet":1,"minecraft:stone_axe":1,"minecraft:iron_sword":1,"minecraft:wooden_axe":3,"minecraft:stone_sword":1,"minecraft:wooden_pickaxe":1,"minecraft:shield":1,"minecraft:iron_axe":1,"minecraft:iron_pickaxe":2,"minecraft:iron_helmet":1},"minecraft:picked_up":{"minecraft:iron_chestplate":1,"cobblemon:leaf_stone":1,"minecraft:wheat":19,"minecraft:nether_brick_fence":2,"cobblemon:red_apricorn":37,"minecraft:oak_stairs":2,"cobblemon:wepear_berry":3,"minecraft:string":11,"minecraft:soul_soil":6,"minecraft:raw_copper":160,"minecraft:iron_leggings":1,"minecraft:gold_nugget":72,"minecraft:cobbled_deepslate":104,"minecraft:bucket":1,"cobblemon:white_apricorn_seed":6,"cobblemon:oran_berry":303,"minecraft:iron_pickaxe":2,"cobblemon:quick_ball":11,"minecraft:enchanted_golden_apple":1,"minecraft:furnace":3,"minecraft:iron_boots":1,"minecraft:blue_wool":5,"minecraft:golden_helmet":1,"minecraft:stick":4,"cobblemon:pc":9,"minecraft:torch":105,"minecraft:porkchop":6,"minecraft:diorite":5,"minecraft:stone_sword":4,"minecraft:rotten_flesh":39,"minecraft:white_terracotta":10,"minecraft:blaze_rod":5,"minecraft:obsidian":2,"minecraft:cobblestone":235,"minecraft:magma_block":1,"cobblemon:great_ball":19,"minecraft:feather":12,"minecraft:cooked_beef":17,"cobblemon:ultra_ball":13,"minecraft:magma_cream":2,"minecraft:water_bucket":1,"minecraft:andesite":15,"minecraft:brown_wool":5,"minecraft:flint":2,"minecraft:tuff":11,"cobblemon:bluk_berry":12,"minecraft:lapis_lazuli":98,"minecraft:dirt":102,"minecraft:bone":45,"minecraft:bow":1,"minecraft:gray_terracotta":1,"minecraft:wheat_seeds":53,"cobblemon:black_apricorn":107,"minecraft:raw_gold":52,"minecraft:rabbit":11,"minecraft:glowstone_dust":56,"minecraft:honeycomb":1,"minecraft:oak_planks":79,"minecraft:ghast_tear":1,"cobblemon:sun_stone":2,"minecraft:warped_wart_block":4,"cobblemon:fire_stone":2,"cobblemon:pecha_berry":36,"minecraft:sand":3,"cobblemon:persim_berry":96,"cobblemon:leppa_berry":3,"cobblemon:aspear_berry":5,"cobblemon:healing_machine":18,"minecraft:diamond":15,"minecraft:granite":23,"minecraft:bone_meal":2,"cobblemon:rindo_berry":3,"minecraft:bread":52,"minecraft:rooted_dirt":2,"cobblemon:chesto_berry":22,"cobblemon:medicinal_leek":8,"minecraft:oak_sapling":5,"minecraft:netherrack":708,"minecraft:crimson_roots":3,"minecraft:coarse_dirt":2,"minecraft:crafting_table":12,"minecraft:chicken":21,"cobblemon:yellow_apricorn":68,"minecraft:brown_mushroom":23,"minecraft:wooden_pickaxe":2,"minecraft:gold_block":2,"minecraft:shield":4,"cobblemon:lum_berry":3,"minecraft:iron_axe":1,"minecraft:flint_and_steel":1,"cobblemon:white_apricorn":70,"cobblemon:green_apricorn":13,"minecraft:beef":46,"cobblemon:relic_coin":8,"minecraft:oak_boat":25,"minecraft:player_head":4,"minecraft:poppy":7,"minecraft:sugar_cane":35,"minecraft:chest":1,"cobblemon:green_apricorn_seed":3,"minecraft:egg":13,"minecraft:raw_iron":73,"minecraft:copper_ingot":31,"minecraft:bowl":3,"cobblemon:rawst_berry":5,"minecraft:redstone":41,"minecraft:weeping_vines":2,"minecraft:arrow":41,"minecraft:nether_bricks":31,"minecraft:hay_block":161,"minecraft:gold_ingot":22,"minecraft:mutton":30,"minecraft:bone_block":10,"cobblemon:blue_apricorn":53,"cobblemon:tanga_berry":12,"minecraft:white_wool":26,"minecraft:stripped_oak_log":11,"minecraft:air":0,"minecraft:basalt":7,"minecraft:leather":22,"cobblemon:kebia_berry":18,"minecraft:red_mushroom":28,"minecraft:oak_log":141,"minecraft:cobblestone_wall":1,"minecraft:yellow_bed":2,"minecraft:golden_boots":1,"minecraft:nether_wart_block":4,"minecraft:gunpowder":4,"minecraft:white_banner":1,"minecraft:rabbit_hide":7,"minecraft:iron_ingot":65,"minecraft:stone_pickaxe":4,"minecraft:iron_sword":1,"cobblemon:chilan_berry":3,"minecraft:oak_slab":2,"cobblemon:red_apricorn_seed":1,"minecraft:warped_fungus":18,"cobblemon:black_apricorn_seed":9,"minecraft:quartz":11,"minecraft:dandelion":1,"cobblemon:blue_apricorn_seed":7,"minecraft:gravel":15,"cobblemon:cheri_berry":27,"cobblemon:yellow_apricorn_seed":6,"minecraft:amethyst_shard":8,"cobblemon:pink_apricorn":21,"minecraft:white_bed":5,"minecraft:spruce_log":1,"minecraft:spider_eye":2,"minecraft:stone_axe":2,"minecraft:iron_helmet":1,"minecraft:gray_wool":2,"minecraft:warped_roots":17,"cobblemon:silk_scarf":1,"minecraft:warped_nylium":10,"minecraft:crimson_nylium":1,"minecraft:coal":58,"minecraft:ender_pearl":17},"minecraft:dropped":{"minecraft:crimson_nylium":1,"minecraft:porkchop":1,"minecraft:warped_fungus":1,"minecraft:crafting_table":1,"minecraft:rooted_dirt":2,"minecraft:leather":3,"minecraft:honeycomb":1,"minecraft:red_mushroom":1,"minecraft:flint":2,"minecraft:dirt":1,"minecraft:mutton":4,"minecraft:crimson_roots":2,"gravestone:obituary":5,"minecraft:gold_nugget":6,"minecraft:sand":3,"minecraft:iron_pickaxe":2,"cobblemon:great_ball":9,"minecraft:white_wool":4,"cobblemon:red_apricorn":2,"minecraft:bone":9,"minecraft:gravel":14,"minecraft:stone_axe":1,"minecraft:cobbled_deepslate":28,"minecraft:blue_wool":3,"minecraft:rotten_flesh":18,"minecraft:oak_planks":3,"minecraft:poppy":7,"minecraft:rabbit_hide":3,"minecraft:gunpowder":2,"cobblemon:rawst_berry":4,"minecraft:stone_hoe":1,"minecraft:iron_ingot":5,"minecraft:bread":8,"minecraft:wheat_seeds":39,"minecraft:feather":3,"minecraft:cobblestone":9,"minecraft:granite":4,"minecraft:copper_ingot":5,"cobblemon:kebia_berry":1,"cobblemon:oran_berry":3,"minecraft:stick":2,"minecraft:torch":38,"minecraft:nether_wart_block":1,"minecraft:rabbit":2,"minecraft:smooth_stone":6,"minecraft:soul_soil":1,"minecraft:coarse_dirt":2,"minecraft:stone_sword":2,"minecraft:tuff":6,"minecraft:chicken":1,"minecraft:white_terracotta":2,"minecraft:filled_map":1,"cobblemon:leppa_berry":1,"minecraft:shield":1,"cobblemon:healing_machine":1,"minecraft:andesite":5,"minecraft:spider_eye":2,"minecraft:stone_pickaxe":3,"minecraft:magma_cream":2}},"DataVersion":3465}