{"stats":{"minecraft:used":{"minecraft:stone_sword":11,"minecraft:wooden_pickaxe":38,"minecraft:stone_axe":45,"minecraft:dirt":6,"minecraft:crafting_table":3,"minecraft:oak_sapling":1,"minecraft:white_bed":2},"minecraft:mined":{"minecraft:birch_leaves":1,"minecraft:crafting_table":1,"minecraft:grass":1,"minecraft:grass_block":2,"minecraft:oak_log":41,"minecraft:dirt":4,"minecraft:stripped_oak_log":2,"minecraft:stone":30,"minecraft:oak_leaves":9},"minecraft:killed":{"minecraft:sheep":3,"minecraft:skeleton":1},"minecraft:crafted":{"minecraft:oak_planks":32,"minecraft:white_wool":1,"minecraft:white_dye":1,"minecraft:crafting_table":2,"minecraft:stick":8,"minecraft:wooden_pickaxe":1,"minecraft:stone_pickaxe":1,"minecraft:stone_sword":1,"minecraft:white_bed":1,"minecraft:bone_meal":3,"minecraft:stone_axe":1},"minecraft:dropped":{"minecraft:mutton":4},"minecraft:custom":{"minecraft:time_since_rest":2815,"minecraft:sprint_one_cm":58027,"minecraft:damage_taken":510,"minecraft:walk_one_cm":39302,"minecraft:mob_kills":4,"minecraft:drop":1,"minecraft:damage_dealt":570,"minecraft:interact_with_crafting_table":4,"minecraft:fly_one_cm":39098,"minecraft:crouch_one_cm":531,"minecraft:play_time":17290,"minecraft:deaths":2,"minecraft:sneak_time":117,"minecraft:jump":215,"minecraft:time_since_death":2785,"minecraft:sleep_in_bed":1,"minecraft:total_world_time":17290,"minecraft:fall_one_cm":3528},"minecraft:killed_by":{"minecraft:player":1,"minecraft:skeleton":1},"minecraft:picked_up":{"minecraft:stripped_oak_log":2,"minecraft:stick":3,"minecraft:crafting_table":3,"minecraft:leather":1,"minecraft:wooden_pickaxe":2,"minecraft:oak_log":57,"minecraft:white_bed":2,"minecraft:dirt":66,"minecraft:bone":1,"minecraft:stone_sword":2,"minecraft:arrow":4,"minecraft:stone_axe":2,"minecraft:wheat_seeds":1,"minecraft:beef":8,"minecraft:stone_pickaxe":2,"minecraft:bone_meal":2,"minecraft:gray_wool":2,"minecraft:oak_sapling":1,"minecraft:mutton":12,"minecraft:oak_planks":31,"minecraft:white_wool":4,"minecraft:cobblestone":74}},"DataVersion":3465}