{"stats":{"minecraft:used":{"minecraft:stone_sword":135,"minecraft:chest":3,"minecraft:shield":27,"minecraft:white_terracotta":8,"minecraft:iron_sword":81,"minecraft:cooked_chicken":1,"minecraft:stone_hoe":65,"minecraft:torch":127,"minecraft:dirt":67,"minecraft:cobblestone_wall":19,"minecraft:tuff":5,"minecraft:granite":13,"minecraft:iron_axe":19,"minecraft:oak_sapling":3,"minecraft:furnace":4,"minecraft:egg":1,"minecraft:cooked_beef":3,"minecraft:cobbled_deepslate":39,"minecraft:water_bucket":13,"minecraft:diorite":5,"minecraft:stone_pickaxe":215,"minecraft:oak_planks":128,"minecraft:wooden_pickaxe":38,"minecraft:crafting_table":10,"cobblemon:black_apricorn_seed":2,"cobblemon:yellow_apricorn_seed":2,"cobblemon:white_apricorn_seed":1,"minecraft:white_bed":6,"minecraft:bread":54,"minecraft:iron_pickaxe":225,"minecraft:gravel":1,"minecraft:stone_axe":158,"cobblemon:red_apricorn_seed":1,"minecraft:cobblestone":74,"minecraft:yellow_bed":1,"minecraft:bucket":14,"minecraft:oak_boat":2,"cobblemon:blue_apricorn_seed":1},"minecraft:killed":{"minecraft:spider":7,"minecraft:skeleton":8,"minecraft:chicken":3,"minecraft:iron_golem":2,"minecraft:creeper":1,"minecraft:sheep":5,"minecraft:zombie":25,"minecraft:enderman":1,"minecraft:cow":14},"minecraft:mined":{"minecraft:tuff":9,"minecraft:white_bed":3,"minecraft:deepslate_diamond_ore":15,"minecraft:granite":20,"minecraft:grass_block":5,"minecraft:hay_block":57,"minecraft:redstone_ore":2,"minecraft:furnace":2,"minecraft:iron_ore":64,"minecraft:cobbled_deepslate":5,"minecraft:andesite":11,"minecraft:deepslate_lapis_ore":1,"minecraft:deepslate_iron_ore":3,"minecraft:oak_stairs":2,"minecraft:stripped_oak_log":3,"minecraft:stone":113,"minecraft:deepslate_redstone_ore":8,"minecraft:glass_pane":1,"minecraft:torch":6,"minecraft:crafting_table":3,"cobblemon:apricorn_leaves":5,"minecraft:chest":1,"minecraft:tall_grass":13,"minecraft:copper_ore":21,"minecraft:cobblestone":3,"minecraft:lapis_ore":6,"minecraft:deepslate_gold_ore":50,"minecraft:sugar_cane":7,"minecraft:oak_planks":37,"minecraft:diorite":5,"minecraft:wall_torch":1,"minecraft:white_terracotta":8,"minecraft:coarse_dirt":2,"minecraft:cobblestone_wall":1,"cobblemon:deepslate_leaf_stone_ore":1,"minecraft:birch_leaves":1,"minecraft:yellow_bed":1,"minecraft:grass":106,"minecraft:oak_log":87,"minecraft:coal_ore":39,"minecraft:gravel":1,"minecraft:dirt":11,"cobblemon:sun_stone_ore":1,"minecraft:netherrack":2,"minecraft:gold_ore":3,"minecraft:oak_leaves":18,"minecraft:deepslate":62,"minecraft:fern":1,"minecraft:suspicious_gravel":2},"minecraft:crafted":{"minecraft:oak_planks":188,"minecraft:cooked_chicken":1,"minecraft:furnace":1,"minecraft:bone_meal":3,"minecraft:bow":1,"minecraft:iron_boots":1,"minecraft:iron_axe":1,"minecraft:stone_pickaxe":3,"minecraft:cobblestone_wall":18,"minecraft:chest":2,"minecraft:stone_hoe":1,"minecraft:wheat":252,"minecraft:cooked_beef":19,"minecraft:crafting_table":6,"minecraft:spruce_planks":40,"minecraft:wooden_pickaxe":1,"minecraft:iron_helmet":1,"minecraft:iron_sword":1,"minecraft:copper_ingot":36,"minecraft:bucket":1,"minecraft:stone_axe":1,"minecraft:bread":84,"minecraft:air":0,"minecraft:oak_boat":2,"minecraft:iron_chestplate":1,"minecraft:white_wool":1,"minecraft:shield":1,"minecraft:white_dye":1,"minecraft:stick":44,"minecraft:iron_ingot":66,"minecraft:iron_pickaxe":2,"minecraft:stone_sword":1,"minecraft:gold_ingot":48,"minecraft:iron_leggings":1,"minecraft:white_bed":1,"minecraft:torch":84,"cobblemon:ultra_ball":8,"cobblemon:great_ball":16},"minecraft:dropped":{"minecraft:stone_hoe":1,"minecraft:wheat_seeds":4,"minecraft:cobblestone":8,"minecraft:granite":4,"minecraft:torch":38,"minecraft:mutton":4,"minecraft:iron_pickaxe":2,"minecraft:white_wool":1,"minecraft:coarse_dirt":2,"minecraft:cobbled_deepslate":28,"minecraft:tuff":4,"minecraft:rotten_flesh":3,"minecraft:oak_planks":3,"minecraft:shield":1,"minecraft:gunpowder":1,"minecraft:andesite":5,"minecraft:spider_eye":2,"minecraft:stone_pickaxe":2},"minecraft:custom":{"minecraft:mob_kills":67,"minecraft:interact_with_crafting_table":34,"minecraft:leave_game":2,"minecraft:time_since_death":124822,"minecraft:sprint_one_cm":379587,"minecraft:walk_one_cm":477318,"minecraft:damage_blocked_by_shield":1965,"minecraft:drop":36,"minecraft:play_time":195971,"minecraft:deaths":3,"minecraft:sneak_time":5383,"minecraft:walk_under_water_one_cm":22431,"minecraft:boat_one_cm":90225,"minecraft:jump":3312,"minecraft:walk_on_water_one_cm":22693,"minecraft:total_world_time":195971,"minecraft:interact_with_furnace":65,"minecraft:sleep_in_bed":12,"minecraft:time_since_rest":14246,"minecraft:damage_taken":2936,"minecraft:damage_dealt":12244,"minecraft:swim_one_cm":44967,"minecraft:fly_one_cm":633407,"minecraft:open_chest":56,"minecraft:crouch_one_cm":11118,"minecraft:fall_one_cm":92517},"minecraft:broken":{"minecraft:stone_sword":1,"minecraft:stone_axe":1},"minecraft:killed_by":{"minecraft:zombie_villager":1,"minecraft:player":1,"minecraft:skeleton":1},"minecraft:picked_up":{"minecraft:coarse_dirt":2,"cobblemon:leaf_stone":1,"minecraft:crafting_table":6,"minecraft:chicken":3,"cobblemon:yellow_apricorn":10,"cobblemon:red_apricorn":16,"minecraft:wooden_pickaxe":2,"minecraft:oak_stairs":2,"minecraft:shield":2,"cobblemon:wepear_berry":3,"minecraft:string":8,"minecraft:raw_copper":160,"cobblemon:lum_berry":2,"minecraft:flint_and_steel":1,"cobblemon:white_apricorn":10,"minecraft:cobbled_deepslate":95,"cobblemon:green_apricorn":5,"minecraft:bucket":1,"cobblemon:white_apricorn_seed":1,"minecraft:beef":27,"cobblemon:oran_berry":43,"minecraft:iron_pickaxe":1,"cobblemon:quick_ball":7,"minecraft:sugar_cane":19,"minecraft:chest":1,"minecraft:egg":1,"minecraft:furnace":3,"minecraft:stick":4,"minecraft:raw_iron":72,"minecraft:torch":105,"minecraft:diorite":5,"minecraft:redstone":40,"minecraft:stone_sword":2,"minecraft:arrow":15,"minecraft:rotten_flesh":15,"minecraft:hay_block":57,"minecraft:white_terracotta":8,"minecraft:mutton":16,"cobblemon:blue_apricorn":22,"minecraft:cobblestone":195,"minecraft:white_wool":7,"minecraft:stripped_oak_log":3,"minecraft:magma_block":1,"minecraft:air":0,"minecraft:feather":3,"minecraft:andesite":15,"minecraft:leather":11,"cobblemon:kebia_berry":16,"minecraft:tuff":9,"cobblemon:bluk_berry":12,"minecraft:oak_log":103,"minecraft:cobblestone_wall":1,"minecraft:yellow_bed":2,"minecraft:gunpowder":3,"minecraft:lapis_lazuli":98,"minecraft:dirt":76,"minecraft:bone":7,"cobblemon:black_apricorn":5,"minecraft:wheat_seeds":15,"minecraft:raw_gold":52,"minecraft:stone_pickaxe":4,"minecraft:iron_ingot":8,"minecraft:oak_planks":77,"cobblemon:chilan_berry":2,"cobblemon:red_apricorn_seed":1,"cobblemon:sun_stone":2,"cobblemon:black_apricorn_seed":2,"cobblemon:pecha_berry":10,"minecraft:gravel":1,"cobblemon:blue_apricorn_seed":1,"cobblemon:cheri_berry":22,"cobblemon:yellow_apricorn_seed":3,"cobblemon:persim_berry":36,"cobblemon:pink_apricorn":10,"minecraft:white_bed":5,"minecraft:spider_eye":2,"minecraft:diamond":15,"minecraft:stone_axe":2,"minecraft:granite":23,"minecraft:bone_meal":2,"cobblemon:rindo_berry":3,"minecraft:gray_wool":2,"minecraft:bread":45,"minecraft:oak_sapling":4,"minecraft:netherrack":19,"minecraft:coal":53,"minecraft:ender_pearl":1}},"DataVersion":3465}