{
  "uuid": "034783f3-fbfc-3708-91b0-59525927d190",
  "starterPrompted": true,
  "starterLocked": false,
  "starterSelected": true,
  "starterUUID": "86126ef6-b1c2-4f5a-ab57-9e5f4ffb5af7",
  "keyItems": [],
  "battleTheme": "cobblemon:battle.pvp.default",
  "extraData": {},
  "advancementData": {
    "totalCaptureCount": 18,
    "totalEggsHatched": 0,
    "totalEvolvedCount": 2,
    "totalBattleVictoryCount": 23,
    "totalPvPBattleVictoryCount": 2,
    "totalPvWBattleVictoryCount": 21,
    "totalPvNBattleVictoryCount": 0,
    "totalShinyCaptureCount": 0,
    "totalTradedCount": 1,
    "totalTypeCaptureCounts": {
      "dark": 1,
      "normal": 6,
      "rock": 1,
      "ground": 2,
      "steel": 2,
      "poison": 2,
      "electric": 3,
      "grass": 1,
      "ghost": 1,
      "bug": 1,
      "fire": 4,
      "flying": 2
    },
    "totalDefeatedCounts": {
      "cobblemon:gastly": 2,
      "cobblemon:sentret": 1,
      "cobblemon:lechonk": 1,
      "cobblemon:miltank": 1
    },
    "aspectsCollected": {}
  }
}