{
  "uuid": "034783f3-fbfc-3708-91b0-59525927d190",
  "starterPrompted": true,
  "starterLocked": false,
  "starterSelected": true,
  "starterUUID": "86126ef6-b1c2-4f5a-ab57-9e5f4ffb5af7",
  "keyItems": [],
  "battleTheme": "cobblemon:battle.pvp.default",
  "extraData": {},
  "advancementData": {
    "totalCaptureCount": 3,
    "totalEggsHatched": 0,
    "totalEvolvedCount": 0,
    "totalBattleVictoryCount": 5,
    "totalPvPBattleVictoryCount": 1,
    "totalPvWBattleVictoryCount": 4,
    "totalPvNBattleVictoryCount": 0,
    "totalShinyCaptureCount": 0,
    "totalTradedCount": 0,
    "totalTypeCaptureCounts": {
      "dark": 1,
      "normal": 1,
      "rock": 1,
      "ground": 1,
      "steel": 1
    },
    "totalDefeatedCounts": {
      "cobblemon:gastly": 2
    },
    "aspectsCollected": {}
  }
}