{
  "uuid": "034783f3-fbfc-3708-91b0-59525927d190",
  "starterPrompted": true,
  "starterLocked": false,
  "starterSelected": true,
  "starterUUID": "86126ef6-b1c2-4f5a-ab57-9e5f4ffb5af7",
  "keyItems": [],
  "battleTheme": "cobblemon:battle.pvp.default",
  "extraData": {},
  "advancementData": {
    "totalCaptureCount": 22,
    "totalEggsHatched": 0,
    "totalEvolvedCount": 2,
    "totalBattleVictoryCount": 51,
    "totalPvPBattleVictoryCount": 2,
    "totalPvWBattleVictoryCount": 49,
    "totalPvNBattleVictoryCount": 0,
    "totalShinyCaptureCount": 0,
    "totalTradedCount": 1,
    "totalTypeCaptureCounts": {
      "dark": 1,
      "normal": 6,
      "rock": 1,
      "ground": 3,
      "steel": 3,
      "poison": 3,
      "electric": 3,
      "grass": 1,
      "ghost": 1,
      "bug": 3,
      "fire": 4,
      "flying": 3
    },
    "totalDefeatedCounts": {
      "cobblemon:gastly": 2,
      "cobblemon:sentret": 1,
      "cobblemon:lechonk": 1,
      "cobblemon:miltank": 1,
      "cobblemon:mimejr": 1,
      "cobblemon:mareep": 3,
      "cobblemon:meowth": 1,
      "cobblemon:patrat": 3,
      "cobblemon:deerling": 1,
      "cobblemon:wooloo": 3,
      "cobblemon:bunnelby": 2,
      "cobblemon:nickit": 1,
      "cobblemon:drowzee": 1,
      "cobblemon:maschiff": 1,
      "cobblemon:diggersby": 1,
      "cobblemon:zigzagoon": 2,
      "cobblemon:pidgey": 1,
      "cobblemon:taillow": 1,
      "cobblemon:flaaffy": 1,
      "cobblemon:cottonee": 1,
      "cobblemon:snubbull": 1
    },
    "aspectsCollected": {}
  }
}